ASV,Taxonomy,Amplicon
ACGCGTAGAACCTTACCAGGGCTTGACATCCCGCTGACCGGTTTAGAGATAGACCTTCCCTTCGGGGCAGCGGTGACAGGTGGTGCATGGTTGTCGTCAGCTCGTGTCGTGAGATGTTGGGTTAAGTCCCGCAACGAGCGCAACCCTTGATCTGTGTTGCCAGCATTCAGTTGGGCACTCACAGGTGACTGCCGGTGACAAACCGGAGGAAGGCGGGGATGACGTCAAATCATCATGCCCCTTATGTCCTGGGCTACACACGTGCTACAATGGGCGGAACAACGGGATGCGAAGGAGCGATCTGTAGCAAAACCCTGAAAACCGTTCGTAGTTCGGATTGCAGGCTGCAACTCGCCTGCATGAAGCCGGAATTGCTAGTAATCGCGGATCAGCATGCCGCGGTGAATACGTTCCCGGGCCTTGCACACACCGCCCGT,Bacteria_Firmicutes_Bacilli_Bacillales_Alicyclobacillaceae_Effusibacillus_Pathogen,Bacteria
ACGCGAGAAACCTTACCTGGGCTAGAATGCTGGGAGACCGTGGGTGAAAGCTCACTTTGTAGCAATACACTGCCAGTAAGGTGCTGCATGGCTGTCGTCAGCTCGTGCCGTGAGGTGTTTGGTTAAGTCCACTAACGAGCGCAACCCTTAGCGCCAGTTACACGTGTCTGGCGCGACTGCCGGTATTAAGCCGGAGGAAGGTGGGGATGACGTCAAGTCAGCATGTCCTTTATACCCTGGGCGACACACACGCTACAATGGCCAGTACAATGGGTTGCCAAGCCGCGAGGCGGAGCCAATCCTAAAAAGCTGGTCTCAGTTCGGATTGCAGGCTGCAACCCGCCTGCATGAAGTCGGAGTTGCTAGTAACCGCAGGACAGCTATACTGCGGTGAATACGTTCCCGGGTCTTGCACTCACCGCCCGT,Bacteria_Chloroflexi_Anaerolineae_Anaerolineales_Anaerolineaceae_Leptolinea,Bacteria
ACGCGAGGAACCTTACCTGGCCTTGACATGCATCTCTAAGTCGGTGAAAGCCGGCGAGTGTAGCAATACACAATTTGCACAGGTGCTGCATGGCTGTCGTCAGCTCGTGTCGTGAGATGTTGGGTTAAGTCCCGCAACGAGCGCAACCCTCGTTCGATGTTGCCAGCGGGTTATGCCGGGGACTCATCGGGGACTGCCGGGGTCAACTCGGAGGAAGGTGGGGATGACGTCAAGTCATCATGCCCCTTATGTCCAGGGCTTCACGCATGCTACAATGGCCGGTACAAAGGGCTGCGATACCGTGAGGTGGAGCGAATCCCAAAAAGCCGGTCTCAGTTCGGATCGGGGTCTGCAACTCGACCCCGTGAAGTCGGAGTCGCTAGTAATCGCAGATCAGCAACGCTGCGGTGAATACGTTCCCGGGCCTTGTACTCACCGCCCGT,Bacteria_Actinobacteria_Actinobacteria_Micromonosporales_Micromonosporaceae_Rugosimonospora,Bacteria
ACGCGTAGAACCTTACCTGGGCTTGACATGGAGTGGAATCATATAGAGATATATGAGCCTTCGGGCCGCTTCACAGGTGCTGCATGGTTGTCGTCAGCTCGTGTCGTGAGATGTTGGGTTAAGTCCCGCAACGAGCGCAACCCCTATCGTATGTTGCTACCATTTAGTTGGGCACTCGTACGAAACTGCCGGTGACAAACCGGAGGAAGGCGGGGATGACGTCAAATCCTCATGGCCTTTATGTCCAGGGCCACACACGTGCTACAATGGCCGATACAAAGGGTTGCCAAAGCGCAAGCTGGAGCTAATCTCAAAAAGTCGGTCCCAGTTCGGATTGGAGTCTGCAACTCGACTCCATGAAGTCGGAATCGCTAGTAATCGCGGATCAGCATGCCGCGGTGAATACGTTCCCGGACCTTGCACTCACCGCCCGT,Bacteria_Spirochaetes_Spirochaetia_Spirochaetales_Leptospiraceae_Leptospira_Pathogen,Bacteria
ACGCGATGAACCTTACCTGGGCTAGAATGTTGGGAGACCGTAGGTGAAAGCTTACTTTGTAGCAATACACTGCCAATAAGGTGCTGCATGGCTGTCGTCAGCTCGTGTCGTGAGATGTTCGGTTAAGTCCGGCAACGAGCGCAACCCACACCCCCAGTTGCCATCATTCAGTTGGGCACTCCGGGGGAACTGCCCGTGATAAGCGGGAGGAAGGTGTGGATGACGTCAAGTCCTCATGGCCCTTACGGGTTGGGCTACACACGTGCTACAATGGTGGTGACAGTGGGTTAATCCCCAAAAGCCATCTCAGTTCGGATTGTCGTCTGCAACTCGACGGCATGAAGTCGGAATCGCTAGTAATCGCGTAACAGCATGACGCGGTGAATACGTTCCCGGGCCTTGCACTCACCGCCCGT,Bacteria_Proteobacteria_Alphaproteobacteria_Rhodobacterales_Rhodobacteraceae_Oceaniovalibus,Bacteria
ACGCGCGGAACCTTACCTGGACTAGAATGCAGTTGGACAGGCGTTGAAAGGCGCCCTTCTCGCAAGAGACCGTCTGTAAGGTGCTGCATGGCTGTCGTCAGCTCGTGCCGTGAGGTGTTGGGTTAAGTCCCGCAACGAGCGCAACCCCCATCACTAGTTGCCATCAGGTTATGCTGGGGACTCTAGTGAAACTGCCTGCGTAAGCAGTGAGGAAGGAGGGGACGACGTCAAGTCATCACGGCCTTTATGTCCAGGGCTACACACGTGCTACAATGGCGAGTACAGAGGGCTGCAACACAGCGATGTGAAGCTAATCCCAAAAAACTCGTCTCAGTTCGGATTGGAGTCTGCAACTCGACTCCATGAAGCTGGAATCGCTAGTAATCGCGCATCAGCAATGGCGCGGTGAATACGTTCCCGGACCTTGCACACACCGCCCGT,Bacteria_Bacteroidetes_Chitinophagia_Chitinophagales_Chitinophagaceae_Thermoflavifilum,Bacteria
ACGCGAGGAACCTTACCAACCCTTGACATGGGACGTATGGGGCGGAGAGATCCGTTCCTTCAGTTCGGCTGGCGTCCACACAGGTGCTGCATGGCTGTCGTCAGCTCGTGTCGTGAGATGTTGGGTTAAGTCCCGCAACGAGCGCAACCCTTGTCATTAGTTGCTACGAAAGGGCACTCTAATGAGACTGCCGGTGACAAACCGGAGGAAGGTGGGGATGACGTCAGGTCCTCATGGCCCTTATGGGTAGGGCTACACACGTCATACAATGGCCGGTACAGAGGGCTGCCAACCCGCGAGGGGGAGCCAATCCCAGAAAACCGGTCGTAGTCCGGATCGCAGTCTGCAACTCGACTGCGTGAAGTCGGAATCGCTAGTAATCGCGGATCAGCTTGCCGCGGTGAATACGTTCCCGGGTCTTGCACTCACCGCCCGT,Bacteria_Proteobacteria_Betaproteobacteria_Burkholderiales_Comamonadaceae_Leptothrix_Pathogen,Bacteria
ACGCGACAAACCTTACCAGCCCTTGACATGGGACGTATGGGAAGCGGAGACGCTTCTCTTCAGTTCGGCTGGCGTCCACACAGGTGCTGCATGGCCGTCGTCAGCTCGTGTCGTGAGATGTTGGGTTAAGTCCCGCAACGAGCGCAACCCTTGTCATTAGTTGCTACATTTAGTTGGGCACTCTAATGAGACTGCCGGTGACAAACCGGAGGAAGGTGGGGATGACGTCAAGTCCTCATGGCCCTTATAGGTAGGGCTACACACGTCATACAATGGCTGGTACAGAGGGTTGCCAACCCGCGAGGGGGAGCTAATCCCATAAAACCAGTCGTAGTCCGGATCGTAGTCTGCAACTCGACTACGTGAAGTCGGAATCGCTAGTAATCGCGGATCAGAATGTCGCGGTGAATACGTTCCCGGGTCTTGTACTCACCGCCCGT,Bacteria_Proteobacteria_Betaproteobacteria_Burkholderiales_Comamonadaceae_Xylophilus_Pathogen,Bacteria
AATTCTCAACTCCGAATCGATTTGTTTCGACTCGGAGCTTGGACTTTGGAGTGTGCTGGCGTCTGTCGGCTCCTCTTAAATGCATCAGCGGAATATAACCCCGGACATCAGTGTGATAATTGTGTTGCGCTGTCGTCACAGGTATAAAAGTCCGCTCATAATGGTCTTCGGACAAACTTTACAATCAA,Mutualist_p__Basidiomycota_c__Agaricomycetes_o__Atheliales_f__Pilodermataceae_g__Piloderma,Fungi
ATATATATATCAGCCTACTCTTATTGAGTAGTTTGGATGTGGGGGTTTGCTGGCCTTTTTCAAGGGTTCTTCAGCTCCCCTGAAATGCATTAGCAGAACAACCTGTTCATTGGTGTGATAAACTATCTACGCTATTGAATGTGAGGGGAAGTTCAGCTTTCTAACAGTCCTTGGACAATTCATCATTA,Mutualist_p__Basidiomycota_c__Agaricomycetes_o__Agaricales_f__Cortinariaceae_g__Cortinarius,Fungi
ACAAACAATCAAGCCTTGCTTGGTGTTGGGGATCGGCCTCTTCCTTCGGGGAGAGGCCTTCCCGAAACTCATGGGCGCCGCCTTCCGGCTCCGAGCGTAGCAAGCGAAAGCCCTCGCTTCGGATCGTTTGGTCGGTGGTCGCCGGTAAACCTTTGGGGGGGAAACCTCCTAAAACTTATCACAG,p__Ascomycota_c__Dothideomycetes_o__Phaeotrichales_f__Phaeotrichaceae_g__Phaeotrichum_s__benjaminii,Fungi
CACCACTCAAGCATCGCTTGGTATTGGGAACGGTCCGTCGCAAGGCGGGCCTTCCTCGAAGACCTCGGCGGGGTTCAACCAACTTCGGGCGTAGTAGAGTTAAATCGAACGTCTTATAAGCTTGGTCGGATCTCATTGCCGTTAAACCTTTATTTTTCTA,p__Ascomycota_c__Dothideomycetes_o__Dothideales_f__Dothioraceae_g__Hormonema_s__macrosporum,Fungi
CAACCCTTAAGCCTAGTTGCTTAGTGTTGGGAATCTGCCCTGTATTTATAGGGCAGTTCCTTAAAGTGATTGGCGGAGTTAGGGCATACTCTAAGCGTAGTAATATTCTTCTCGCTTCTGTAGTTGTCCTGGCGGCTTGCCGTTAAACCCTTATATTTCTAGT,p__Ascomycota_c__Sordariomycetes_o__Xylariales_f__Hypoxylaceae_g__Daldinia_s__loculata,Fungi
ACACCACTCAAGCCTGGCTTGGTATTGGAGTTCGCACACCAGCGGCTCTTAAACTCAGTGGCGGCGCCGGTTGGCTCTTCGCGTAGTAATTCTCTCGCGATAGGGTCTGTCGGTAGCTTGCCAGCAACCCCAATTTTTAA,Mutualist_p__Ascomycota_c__Leotiomycetes_o__Helotiales_f__Ploettnerulaceae_g__Cadophora,Fungi
AATTCTCAACCTTTTCAACTTTTTCTGTTGATCAGGCTTGGATGTGGGAGTATGCGGGCTTCTCAGAAGTCGGCTCTCCTGAAATGCATTAGCGGGACCTTTGTTGCCTGGCTTTGGTGTGATAATTATCTACGCCATTGTGAAGAGCAGCTTTATAAAGGAGGTTCAGCTTCTAATTGTCTCTTTCGAGACAACTTCTGACA,Mutualist_p__Basidiomycota_c__Agaricomycetes_o__Agaricales_f__Tricholomataceae_g__Tricholoma_s__triste,Fungi
AATCATCTCTTCCTCGTGATTTTTGTCGTGGGGAAGGGGATTTGGACCGTGCCGTTGTTGGCTCGTCCTGAAATGCATTAGCCTGGTCTAAAGCCGGCCCTTGGTGTGATAAATATCTACGCCGCTGGTGTTGTGCTTGCTCTCTTGGCTTCTAACTTCGCGCCTCCACTTCGGTGGGTGGCTCGCTTTTTAATG,p__Basidiomycota_c__Agaricomycetes,Fungi
AACACATCCTCAAGCAGCTTTGCTTGGTATTGGAGGAAGATGTCCGCATCCCCTCTCAAATCCCTCAGCGGAAACCTCTGCGGTCTCAGGTGTGATAATTATTTTTCGCTTGGTGACTGTGGGTATGTTCTTGCTGTTAAGAGCCCCCCAGCTTCTTTTTGA,p__Ascomycota_c__Pezizomycetes_o__Pezizales_f__Sarcosomataceae_g__Plectania_s__milleri,Fungi
ATATATATCAACCCTCTCTCTCTTGTAGTGAGTGGGTTTGGATGTGGGGGTTTGCTGGCCTCTTTTTTTTAAAAGAGGGTCAGCTCTCCTGAAATGCATTAGCAGAACAACCTGTTCATTGGTGTGATAACTATCTGCGCCATTGAATGTGAGGGGCAGTTCAGCTTTCTAACAGTCTTTGGACAATTCATCATTA,Mutualist_p__Basidiomycota_c__Agaricomycetes_o__Agaricales_f__Cortinariaceae_g__Cortinarius,Fungi
AAAACCCCTCAAGCTCTTTTGCTTGGTTATGGTGGAGGAGCAACGCCCTGGTGCGGGCTCCCCATCGAAATTCAATGGCGGAAAGTCTTGTGGCTGCCACGGTGTGATAAGTTAACCCTTTCGCCTGGTGCCCAAGGTGCTCCTGCCCTTAACCCCCATTCTTTCTAT,Mutualist_p__Ascomycota_c__Pezizomycetes_o__Pezizales_f__Pyronemataceae_g__Warcupia_s__terrestris,Fungi
CTGTTCCTCAAGCCCGGCTTGTGTGTTGGGCCTGCCGTCCTACGGACGGTGACCCGAAAAGCAGTGGCGGCGTCGCGTCCGGTCCTTAAGCGTATGGGGCTTTGTCACCCGCTTTAGATGGCCGGCCGACTCCGTAGCCCATCGTGGTTTACCACATTCTTT,p__Ascomycota_c__Eurotiomycetes_o__Eurotiales_f__Eurotiales_fam_Incertae_sedis_g__Eurotiales_gen_Incertae_sedis,Fungi
AACTCTCAACCTCGCTCGTTTTGTAATGAAACGGGTTTGTAGGCTTGGTTTATGGCTGTCTGCCGGCGTCAAGTCGACTCAGCTGAAATATACGAGCAACCCAATTTGAAATAGACGGCTTGACTCTGCGTAATAATTATTTCGCTGAGGACGTCCCATTTTCAACAATAGCGGTGCTTCTAATGCAATTTTTTAATTTAAGC,p__Basidiomycota_c__Cystobasidiomycetes_o__Cystobasidiales_f__Cystobasidiaceae_g__Cystobasidiaceae_gen_Incertae_sedis,Fungi
AACCCTCTCGGACCCATCCCTTTTGCTGGGGTGGGTTTGGATTTGGACGCCTGCGGGTTGCCGCTCGTCTTTAAATGCATTAGCTGGTCCCTTTGTGGTTGGTCCGAACGACGGTGTGATAACAAAATGCTTAGTGCGCCGTTCGTCGCCGGCCTGGGTCGCTTAGAGCCGTCCTCCTCGGACAACTTTCATGTC,Mutualist_p__Basidiomycota_c__Agaricomycetes_o__Gomphales_f__Gautieriaceae_g__Gautieria_s__monticola,Fungi
ACACACTCAAGCTCTGCTTGGTATTGGGAATCACTAGTCATACAGTGTCCCCTAAAATCAGTGGCAGTGCCATCTGGCTTCAAGCGTAGTAATTTTCTCGCTATGGATGTCTAGGTGTCGCCCGCCAAAACAGCCTAATTTTTCTAA,Pathogen_p__Ascomycota_c__Leotiomycetes_o__Helotiales_f__Dermateaceae_g__Dermateaceae_gen_Incertae_sedis,Fungi
CAACCCTCAAGCTCTGCTTGGTGTTGGGCCTCGCCGATTCCGGCGGGCCTCAAAATCAGTGGCGGTGCCATCTGGCTTCAAGCGTAGTAATTCTTCTCGCTTCAGGAGACCCAGGTGTGTGCTTGCCAGCAACCCCCAACTTCTAT,p__Ascomycota_c__Leotiomycetes_o__Thelebolales_f__Pseudeurotiaceae,Fungi
CAACCCTCAAGCTCTGCTTGGTATTGGGCCCTGCCGGCACCCGGCAGGCCTTAAAATCAGTGGCGGCGCCACTCGGCTTCAAGCGTAGTAATTCTTCTCGCTTCGGAGACCCGTGTGTGTGCTAGCCAGCAACCCCCAATTTTTTCA,p__Ascomycota_c__Leotiomycetes_o__Thelebolales_f__Pseudeurotiaceae_g__Pseudeurotium,Fungi
CACCACTCAAGCACGGCTTGGTGTTGGGCGACGTCCCTCCTTAGGGACGCGCCTCGAAACGCTCGGCGGCGTGGCACCGGCTTTAAGCGTAGCAGAATCTTTCGCTTTGGAAGTCGGGGCCCCGTCTGCCGGAAGACCTACCATCAA,p__Ascomycota_c__Dothideomycetes_o__Gloniales_f__Gloniaceae_g__Pseudocenococcum_s__floridanum,Fungi
AATTCTCAACCTTTCCAGTTTTTACTAGCTGGTCAGGCTTGGATGTGGGGGTTGCGGGCTTCTCAGAAGTCGGCTCTCCTTAAATGCATTAGTGAAACCTTTGTTGACCATCCTATGGTGTGATAATTATCTACGCCACAGTGATATCAGCTTTATTATGGGGTTCTGCTTCTAACCGTCCTCTCGGGGACAACTCCTGACA,Mutualist_p__Basidiomycota_c__Agaricomycetes_o__Agaricales_f__Lyophyllaceae,Fungi
CAACCCTCAAGCTCTGCTTGGTGTTGGGCCCCGCCGCCCCGGCGGGCCCTAAAGTCAGTGGCGGTGCCATCCGGCTCCGAGCGTAGTAATTCTTCTCGCTCTGGAGGTCCGGGTGTGTGCTCGCCAGCAACCCCCAATTTTTTTCA,p__Ascomycota_c__Leotiomycetes_o__Thelebolales_f__Pseudeurotiaceae_g__Pseudogymnoascus,Fungi
CAACCATCAAGCCCGGCTTGTGTTGGGGACCCTGCGGCTGCCCGCAGGCCCCGAAATCCAGTGGCGGGCTCGTCGTCACCCCGAGCGCAGTAGGTAGTAACACACATCCTCGCTCAGGGCCGTGAAGGCGGGCTCCGGCCGTTAAAGTGACTTCAAACCCCACAAAACAA,p__Ascomycota_c__Sordariomycetes_o__Sordariales_f__Sordariaceae_g__Diplogelasinospora_s__inaequalis,Fungi
CAACACTCAAGCTCAGCTTGGTCTTGAGCCTAGCCGGTCACGGCGGGTTTTAAAATTAGTGGCGGTGCCACCTGGCTCTAAGCGTAGTAATACTCCTCGCTATTGAGTCCTGGTGGACGCTGGCCAGCAACCCCCAACTTTCCAA,Pathogen_p__Ascomycota_c__Leotiomycetes_o__Helotiales_f__Helotiales_fam_Incertae_sedis_g__Chalara,Fungi
CAACCCTCAAGCTCTGCTTGGTGTTGGGCCCTGCCCGCTGCGGCCGGCCCTAAAGACAGTGGCGGTGCCGCCTGGCCCTGAGCGTAGTACGTCTCTCGCTCCAGTGCCTGGTGGTAGCCTGCCAGAACCCCAACTCTCGT,Mutualist_p__Ascomycota_c__Leotiomycetes_o__Helotiales_f__Myxotrichaceae_g__Oidiodendron,Fungi
CACCACTCAAGCATCGCTTGGTATTGGGAACGGTCCGTCGAAAGGCGGGCCTTCCTCGAAGACCTCGGCGGGGTTCAACCAACTTCGGGCGTAGTAGAGTTAAATCGAACGTCTTATAAGCTTGGTCGGATCTCATTGCCGTTAAACCTTTTAAATTTTCTA,p__Ascomycota_c__Dothideomycetes_o__Dothideales_f__Dothioraceae_g__Hormonema_s__macrosporum,Fungi
AAACATCATCCCATCGGGTTTCCGATGACGATGGACTTGGGTGTTGCCGTCCGGCTCGCCTCAAAAGCGTTAGCGGTTCCTAGGTCGAATCTGGCGTAATAAGTTTCGCTGGCCAAGATCGAAGGCTGCTCATAACCCGTCTTCTGACATCTTTTTG,Pathogen_p__Basidiomycota_c__Tremellomycetes_o__Tremellales_f__Phaeotremellaceae_g__Phaeotremella,Fungi
AACCATCAACCCCACCCCCCGGGGCTTGGACGTGGGGTGTGCTGGCCCAGGTCGGCTCCCCTTGAAATGCATCAGTGGGATTTGTTTTTGAACGGTCGGTGTGATAATCATTGTTGCGCCGCCGTCAAACTCCCGAGATCCCGCTCACAATGGTCCTTTTGGACGAACACAAACC,,Fungi
CACCTCTCAAGCGCAGCTTGGTGTTGGGCTGTTGTCCCCTGCGTACCGCAGCGGGACTCGCCTGAAAAGCATCGGCGTCCGGCGGTTGGTCTTGCGCGTAGCAGATTGTTCGCACAAGGACCGGGCCGCGGGGCTGCCGCATACGTCTTTTAATTCTCA,p__Ascomycota_c__Dothideomycetes_o__Pleosporales_f__Delitschiaceae_g__Delitschiaceae_gen_Incertae_sedis,Fungi
TCAACCATCAAGCCTGGCTTGTCGTTGGACCCCTTTGCAGCTGAAATATGCGGCAGGTCCGAAAGATAATGACGGCGTCATGTTTGACCCGAGATGCAACGAGCTTTTTATAGCACGCATTGAAGTGGTCGGCCGACCCGGTCTTTAACCATCATTTTCTAA,Pathogen_p__Ascomycota_c__Eurotiomycetes_o__Chaetothyriales_f__Herpotrichiellaceae_g__Capronia,Fungi
TCACCCCTCAAGCTTCGGCTTGGTGTTGAGGCCTGCTGTAAAGGCACCCTCTAAAATCAGTGGCAGTGCTGTCAGGCTCTAAGCGTAGTAATTTCATCGCTATAGGGTCCTGGTGGATACTCGTCAAAACCCCCCCATTTTTTAAT,Pathogen_p__Ascomycota_c__Leotiomycetes_o__Helotiales_f__Dermateaceae_g__Trichosporiella_s__multisporum,Fungi
CAACCCTCAAGCCTAGCTTGGTATTGGGTGCCGCCTTTTGGGGCGCACCTGGAAAATAGCGGCGGTGCGACCGGTGATCAAGCGTAGTAACTACTCCCGCTTAGAGACACCCGGGCGTGCCTGCCGGACAACACCTAATTTTTTCAAT,p__Ascomycota_c__Lecanoromycetes_o__Acarosporales_f__Acarosporales_fam_Incertae_sedis_g__Acarosporales_gen_Incertae_sedis,Fungi
AATCATCAACCCCACCGATTTGTTTCGGCTTGGGGCTTGGACTTGGAGCGTGCTGGCGAAGGTCGGCTCCTCTTTAAATGCATCAGCGGAAGAATGCACCTTTTTTTCCCTTCAGCGTGATAATCCTGTTGCGCTGTGTGTGGGTTGAAGGTGTTCCGCTTATAATCGTCCTTCGGACAAATGAACCCATCCAT,Mutualist_p__Basidiomycota_c__Agaricomycetes_o__Atheliales_f__Tylosporaceae_g__Amphinema,Fungi
CAAACTTAAGGCTCTGCCTTGCGTTGGCGCCATCCGCTCGCGGATGCGCTGAAACATCTCGGGCGCCTTCCTGTCCCCGGCAGCGTAGCAAGTCGTCGCTGTACGGTACCAGAGAGGGCCGCCGGTCATCACAA,p__Ascomycota_c__Dothideomycetes_o__Capnodiales_f__Capnodiales_fam_Incertae_sedis_g__Pseudopenidiella,Fungi
CAACCCTCAAGCAATGCTTGGTATTGGGCTCCGCCGCTTACCCGGCGGGCCTTTAAACCAGTGGCGGCGCCGTCGAGGCCCTGAGCGTAGTAAATCTCCTCGCTATAGGGACCCGGCGGACGCTGGCCATCAACCCCCACCTTCTTA,p__Ascomycota_c__Leotiomycetes_o__Helotiales,Fungi
CTACCACTCAAGCCTGGCTTGGTATTGGGCAACGTAATTTTTTAGGTAAAATCACGCGCCTTAAATATAGACGGCAGCAAACACTAGTTCTAAGCGTAGCAGTAAAACATTTCGCTTTAAGAGCCTAGGAGTATTGTTCACCGAATAACTATTACTATA,p__Ascomycota_c__Dothideomycetes_o__Mytilinidiales_f__Mytilinidiaceae_g__Mytilinidiaceae_gen_Incertae_sedis,Fungi
CACCCCTCAAGCCTCGCTTGGTCTTGGGCGCCGCTGCTCACCCAGCGGGCCTCAAAGTCAGTGGCGGTGCCGCCGGGCCCTGAGCGTAGTAAATCTCCTCGCTACAGGGCCCCGGTGGACGCTAGCCATCCAACCCCCATACTCCAA,p__Ascomycota_c__Leotiomycetes_o__Helotiales_f__Hyaloscyphaceae,Fungi
TGACCAATCAAGCTCTGCTTGGCCTTGGGGCCCGCTGTACCGGCGGCCCTTAAAATCAGTGGCGGTGCCGTCTGGCTCTAAGCGTAGTAATACTTCTCGCTACAGGGTCCAGTCGTCCACCCGCCAGAACCCCCAACTTTCTTA,Mutualist_p__Ascomycota_c__Leotiomycetes_o__Helotiales_f__Helotiaceae_g__Meliniomyces,Fungi
AATTCTCAAACAAGATAGCTTTGTTGTTATCTCCGTTTGGATTTGGACTCTGCTGCGTCAATGCGGCTGGTCCTAAATGTATTAGCTGGCCCTCATGAAAGTTTGGTTCTACTCGGCGTGATAATTATCTGACGTTGAGGACGGTCTTAGGACTGGCCAGGCTCACTTTGGACTGCTTCTAATCGTCTTTGGACAATTATTCAAT,Mutualist_p__Basidiomycota_c__Agaricomycetes_o__Cantharellales_f__Hydnaceae_g__Sistotrema,Fungi
CAACCCCTCAAGCTTTGCTTGGTATTGGGCATCATTATCTCTTTTAATTAAGGGTAATGTGCCTTAAATGTAGGCAGCGGCAAGTACTAGTTCCGAGCGTAGCAGTTTATAACATTTCGCTTTAGGGATTTTAGTATATTGTCAGCTATATAGTTAGTCTTTTACTATT,p__Ascomycota_c__Dothideomycetes_o__Mytilinidiales_f__Mytilinidiales_fam_Incertae_sedis_g__Mytilinidiales_gen_Incertae_sedis,Fungi
CAACCCTCAAGCTCTGCTTGGTGTTGGGCCCTGCCCGCTGCGGCCGGCCCTAAAGACAGTGGCGGTGCCGCCTGGCCCTGAGCGTAGTACATCTCTCGCTCCAGTGCCCGGTGGTAGCCTGCCAGAACCCCAACTCTCGT,Mutualist_p__Ascomycota_c__Leotiomycetes_o__Helotiales_f__Myxotrichaceae_g__Oidiodendron,Fungi
CAACCCTCAAGCTCTGCTTGGTATTAGGCCTCACCCGTCAGGGTGGGCTGTAAAATCAGTGGCGGTGCCATCCGGCTTCAAGCGTAGTAATTTTTCTCGCTTTGGAGTCCCGGCTGTGTGCCTGCCAGCAACCCCAATTTTTATCAAA,p__Ascomycota_c__Leotiomycetes_o__Helotiales_f__Leotiaceae_g__Gorgomyces,Fungi
CAGCCGCGGTAATTCCAGCTCCAATAGCGTATATTAAAGTTGTTGCAGTTAAAAAGCTCGTAGTTGAATTTCGGGGTCAATATATCGGTCGTGCCATCGGTACGTACTGGTATCATTGATCTCTCCTTTCTGACGAACCATGATGTCATTAATTTGGTGTTATGGGAAGTTAGGACTGTTACTTTGAAAAAATTAGAGTGTTTAAAGCAGGCTTTAGCTTGAATACATTAGCATGGAATAATGAAATAGGACGTTCGAACCTATTTTGTTGGTTTCTAGGATCAACGTAATGATTAATAGGGATAGTTGGGGGCATTAGTATTCAATTGTCAGAGGTGAAATTCTTGGATTTATTGAAGACTAACTACTGCGAAAGCATTTGCCAAGGATGTTTTCATTAATCAAGAACGAAAGTTAGGGGATCGAAGACGATCAGATACCGTCGTAGTCTTAACCATAAACTATGCCGACTAGGGATCGGATGATGTTAATTTTTTAATGACTCATTCGGCGCCTTACGGGAAACCAAAGTGTTTGGGTTC,Eukaryota_Obazoa_Opisthokonta_Fungi_Mucoromycota_Glomeromycotina_Glomeraceae_Glomus,AMF
CAGCCGCGGTAATTCCAGCTCCAATAGCGTATATTAAAGTTGTTGCAGTTAAAAAGCTCGTAGTTGAATTTCGGGGTTAGTAGGCTGGTCGTGCCACTGGTATGTACTGGTCTCACTGATTCCTCCTTCCTGATGAACTTTAATGCCATTAATTTGGTGTTTTAGGGAATCTGGACTGTTACTTTGAAAAAATTAGAGTGTTTAAAGCAAGCTAACGCTTGAATACATTAGCATGGAATAATGAAATAGGACGTTCGATCCTATTTTGTTGGTTTCTAGGATTGACGTAATGATTAATAGGGATAGTTGGGGGCATTAGTATTCAATTGTCAGAGGTGAAATTCTTGGATTTATTGAAGACTAACTACTGCGAAAGCATTTGCCAAGGATGTTTTCATTAATCAAGAACGAAAGTTAGGGGATCGAAGACGATCAGATACCGTCGTAGTCTTAACCATAAACTATGCCGACTAGGGATCGGATGATGTTAATTTTTTAATGACTCATTCGGCGCCTTACGGGAAACCAAAGTGTTTGGGTTC,Eukaryota_Obazoa_Opisthokonta_Fungi_Mucoromycota_Glomeromycotina_Glomerales_Rhizophagus_Rhizophagus_intraradices,AMF
CAGCCGCGGTAATTCCAGCTCCAATAGCGTATATTAAAGTTGTTGCAGTTAAAAAGCTCGTAGTTGAATTTCGGGGTTCTACCGTTGGTCGGGCAATAGTCTGTACTGGCGTGTAGAATTTCTACCTTCTGGGGAACCATCATGTTATTTATTTAGCGTGGTGGGAAACCAGGACCTTTACCTTGAAAAAATTAGAGTGTTCAAAGCAGGCTTACGTCTGAATACATTAGCATGGAATAATAAAATAGGACGGTGGTCCTGTTTTGTTGGTTTCTGAATCACCGTAATGATTAATAGGGATAGTTGGGGGCATTAGTATTCAATTGTCAGAGGTGAAATTCTTGGATTTATTGAAGACTAACTTCTGCGAAAGCATTTGCCAAGGATGTTTTCATTAATCAAGAACGAAAGTTAGGGGATCGAAGACGATCAGATACCGTCGTAGTCTTAACCATAAACTATGCCGACTAGGGATCGGACGATGTTAATTTTTCTTGACTCGTTCGGCGCCTTACGGGAAACCAAAGTGTTTGGGTTC,Eukaryota_Obazoa_Opisthokonta_Fungi_Mucoromycota_Glomeromycotina_Diversisporales_Gigaspora_Gigaspora_margarita,AMF
CAGCCGCGGTAATTCCAGCTCCAATAGCGTATATTAAAGTTGTTGCAGTTAAAAAGCTCGTAGTTGAATTTCGGGATTGACACATCGGTCGTGCCTTAAGGGGTGTGAACTGGTGTAGTCAATTTCTCACCTTCTGGAGAACCGCGATGTCCTTAATTGGGTGCCGCGAGGAACCAGGACCTTTACTTTGAAAAAATTAGAGTGTTTAAAGCAGGCATTTTTGCTTGAATACATTAGCATGGAATAATAAAATAGGACGGCATGATTCTATTTTGTTGGTTTCTAGGATCACCGTAATGATTAATAGGGATAGTTGGGGGCATTAGTATTCAATTGTCAGAGGTGAAATTCTTGGATTTATTGAAGACTAACTACTGCGAAAGCATTTGCCAAGGATGTTTTCATTAATCAAGAACGAAAGTTAGGGGATCGAAGACGATCAGATACCGTCGTAGTCTTAACCATAAACTATGCCGACTAGGAATCAGACGATGTTAATTTTTTAATGACTCGTTTGGCACCTTACGGGAAACCAAAGTGTTTGGGTTC,Eukaryota_Obazoa_Opisthokonta_Fungi_Mucoromycota_Glomeromycotina,AMF
CAGCCGCGGTAATTCCAGCTCCAATAGCGTATATTAAAGTTGTTGCAGTTAAAAAGCTCGTAGTTGAATTTCGGGGTTAGTAGGCTGGTCATGCCACCGGTATGTACTGGTCTTACTGATTCCTCCTTCCTGATGAACTGTAATGCCATTAATTTGGTGTTGCAGGGAATCTGGACTGTTACTTTGAAAAAATTAGAGTGTTTAAAGCAGGCTAACGCTTGAATACATTAGCATGGAATAATGAAATAGGACGTTCGATCCTATTTTGTTGGTTTCTAGGATTGACGTAATGATTAATAGGGATAGTTGGGGGCATTAGTATTCAATTGTCAGAGGTGAAATTCTTGGATTTATTGAAGACTAACTACTGCGAAAGCATTTGCCAAGGATGTTTTCATTAATCAAGAACGAAAGTTAGGGGATCGAAGACGATCAGATACCGTCGTAGTCTTAACCATAAACTATGCCGACTAGGGATCGGATGATGTTAATTTTTTAATGACTCATTCGGCGCCTTACGGGAAACCAAAGTGTTTGGGTTC,Eukaryota_Obazoa_Opisthokonta_Fungi_Mucoromycota_Glomeromycotina_Glomerales_Rhizophagus_Rhizophagus_intraradices,AMF
CAGCCGCGGTAATTCCAGCTCCAATAGCGTATATTAAAGTTGCTGCAGTTAAAAAGCTCGTAGTTGAATTTCGGGACTAATATGTCGGTCGTGCCTCGGTACGTACTGGTATTTTTGGTTTCTCCCTTCTGACGAACCTTGATGTCATTAATTTGGTGTCTTGGGAAATCAGGACTGTTACTTTGAAAAAATTAGAGTGTTTAAAGCAGGCTCACGCCTGAATACATTAGCATGGAATAATGAAATAGGACGTTTGATTCTATTTTGTTGGTTTCTAGGATTGACGTAATGATTAATAGGGATAGTTGGGGGCATTAGTATTCAATTGTCAGAGGTGAAATTCTTGGATTTATTGAAGACTAACTACTGCGAAAGCATTTGCCAAGGATGTTTTCATTAATCAAGAACGAAAGTTAGGGGATCGAAGACGATCAGATACCGTCGTAGTCTTAACCATAAACTATGCCGACTAGGGATCGGATGATGTTAATTTTTTAATGACTCATTCGGCGCCTTACGGGAAACCAAAGTGTTTGGGTTC,Eukaryota_Obazoa_Opisthokonta_Fungi_Mucoromycota_Glomeromycotina_Glomeraceae_Glomus,AMF
CAGCCGCGGTAATTCCAGCTCCAATAGCGTATATTAAAGTTGTTGCAGTTAAAAAGCTCGTAGTTGAATTTCGGGATCAGATTGTTGGTCGTGCCTCGGTACGTACTGGCATTATTGGTTCCTACCTTCTGAAGAACCGCGATGTCATTAATTTGGTGTCGTGGGGAATCAGGACTGTTACTTTGAAAAAATTAGAGTGTTTAAAGCAGGCGCACGCTTGAATACATTAGCATGGAATAATGAAATAGGACGTTTGATTCTATTTTGTTGGTTTCTAGGATTGACGTAATGATTAATAGGGATAGTTGGGGGCATTAGTATTCAATTGTCAGAGGTGAAATTCTTGGATTTATTGAAGACTAACTACTGCGAAAGCATTTGCCAAGGATGTTTTCATTAATCAAGAACGAAAGTTAGGGGATCGAAGACGATCAGATACCGTCGTAGTCTTAACCATAAACTATGCCGACTAGGGATCGGATGATGTTAATTTTATAATGACTCATTCGGCGCCTTACGGGAAACCAAAGTGTTTGGGTTC,Eukaryota_Obazoa_Opisthokonta_Fungi_Mucoromycota_Glomeromycotina_Glomeraceae_Glomus,AMF
CAGCCGCGGTAATTCCAGCTCCAATAGCGTATATTAAAGTTGCTGCAGTTAAAAAGCTCGTAGTTGAATTTCGGGATCAATATGTCGGTCGTGCCTTGGTACGTACTGGTATCATTGGTTTCTCCTTTCTGACGAACCATGATGTCATTAATTTGGTGTTATGGGAAGTTAGGACTGTTACTTTGAAAAAATTAGAGTGTTTAAAGCAGGCTCACGCTTGAATACATTAGCATGGAATAATGAAATAGGACGTTTGATTCTATTTTGTTGGTTTCTAGGATCGACGTAATGATTAATAGGGATAGTTGGGGGCATTAGTATTCAATTGTCAGAGGTGAAATTCTTGGATTTATTGAAGACTAACTACTGCGAAAGCATTTGCCAAGGATGTTTTCATTAATCAAGAACGAAAGTTAGGGGATCGAAGACGATCAGATACCGTCGTAGTCTTAACCATAAACTATGCCGACTAGGGATCGGATGATGTTAATTTTTTAATGACTCATTCGGCGCCTTACGGGAAACCAAAGTGTTTGGGTTC,Eukaryota_Obazoa_Opisthokonta_Fungi_Mucoromycota_Glomeromycotina,AMF
CAGCCGCGGTAATTCCAGCTCCAATAGCGTATATTAAAGTTGTTGCAGTTAAAAAGCTCGTAGTTGAATTTCGAGATCAAATTGTTGGTCGTGCCTTGGTACGCACTGGCATTATTGGTTTCTCCCTTCTGAAGAACCATGATGTCATTAATTTGGTGTCTTGGGGAATCAGGACTGTTACTTTGAAAAAATTAGAGTGTTTAAAGCAGGCTCGCGCTTGAATACATTAGCATGGAATAATGAAATAGGACGTTTGATTCTATTTTGTTGGTTTCTAGGATCGACGTAATGATTAATAGGGATAGTTGGGGGCATTAGTATTCAATTGTCAGAGGTGAAATTCTTGGATTTATTGAAGACTAACTACTGCGAAAGCATTTGCCAAGGATGTTTTCATTAATCAAGAACGAAAGTTAGGGGATCGAAGACGATCAGATACCGTCGTAGTCTTAACCATAAACTATGCCGACTAGGGATCGGATGATGTTAATTTTTTAATGACTCATTCGGCGCCTTACGGGAAACCAAAGTGTTTGGGTTC,Eukaryota_Obazoa_Opisthokonta_Fungi_Mucoromycota_Glomeromycotina,AMF
CAGCCGCGGTAATTCCAGCTCCAATAGCGTATATTAAAGTTGTTGCAGTTAAAAAGCTCGTAGTTGAATTTCGGGATCAGTACGCTGGTCATGCCTTTGGTATGCACTGGTGTCACTGGTTTCTCCCTTCTGAAGAACCGTGATGTCATTAATTTGGTGTCGCGGGGAATCAGGACTGTTACTTTGAAAAAATTAGAGTGTTTAAAGCAGGCTCACGCTTGAATACATTAGCATGGAATAATGAAATAGGACGTTTGACCCTATTTTGTTGGTTTCTAGGATCGACGTAATGATTAATAGGGATAGTTGGGGGCATTAGTATTCAATTGTCAGAGGTGAAATTCTTGGATTTATTGAAGACTAACTACTGCGAAAGCATTTGCCAAGGATGTTTTCATTAATCAAGAACGAAAGTTAGGGGATCGAAGACGATCAGATACCGTCGTAGTCTTAACCATAAACTATGCCGACTAGGGATCGGATGATGTTAATTTTTTAATGACTCATTCGGCGCCTTACGGGAAACCAAAGTGTTTGGGTTC,Eukaryota_Obazoa_Opisthokonta_Fungi_Mucoromycota_Glomeromycotina_Glomeraceae_Glomus,AMF
CAGCCGCGGTAATTCCAGCTCCAATAGCGTATATTAAAGTTGTTGCAGTTAAAAAGCTCGTAGTTGAATTTCGGGATTGACACATCGGTCGTGCCTTAAGGGGTATGAACTGGTGTAGTCAATTTCTCACCTTCTGGAGAACCGCGATGCCCTTAATTGGGTGTCACGGGGAACCAGGACCTTTACTTTGAAAAAATTAGAGTGTTTAAAGCAGGCATTTTGCTTGAATACATTAGCATGGAATAATAAAATAGGACGGCATGATTCTATTTTGTTGGTTTCTAGGATCACCGTAATGATTAATAGGGATAGTTGGAGGCATTAGTATTCAATTGTCAGAGGTGAAATTCTTGGATTTATTGAAGACTAACTACTGCGAAAGCATTTGCCAAGGATGTTTTCATTAATCAAGAACGAAAGTTAGGGGATCGAAGACGATCAGATACCGTCGTAGTCTTAACCATAAACTATGCCGACTAGGAATCAGACGATGTTAATTTTTTAATGACTCGTTTGGCACCTTACGGGAAACCAAAGTGTTTGGGTTC,Eukaryota_Obazoa_Opisthokonta_Fungi_Mucoromycota_Glomeromycotina_Glomerales_Claroideoglomus_Claroideoglomus_lamellosum,AMF
CAGCCGCGGTAATTCCAGCTCCAATAGCGTATATTAAAGTTGTTGCAGTTAAAAAGCTCGTAGTTGAATTTCGGGATTGACACATCGGTCGTGCCTTAAGGGGTATGAACTGGTGTAGTCAATTTCTCACCTTCTGGTGAATTGGGATGCTCTTGGGTGTTTCAATGAACTAGGACTTTTACTTTGAAAAAATTATAGTGTTTAAAGCGGGCATTTTTGCTTGAATACATTAGCATGGAATAATAAAATAGGACGGCATGATTCTATTTTGTTGGTTTCTAGGATCACCGTAATGATTAATAGGGATAGTTGGGGGCATTAGTATTCAATTGTCAGAGGTGAAATTCTTGGATTTATTGAAGACTAACTACTGCGAAAGCATTTGCCAAGGATGTTTTCATTAATCAAGAACGAAAGTTAGGGGATCGAAGACGATCAGATACCGTCGTAGTCTTAACCATAAACTATGCCGACTAGGAATCAGACGATGTTAATTTTTTAATGACTCGTTTGGCACCTTACGGGAAACCAAAGTGTTTGGGTTC,Eukaryota_Obazoa_Opisthokonta_Fungi_Mucoromycota_Glomeromycotina_Glomeromycotina_X_Entrophospora_Entrophospora_infrequens,AMF
CAGCCGCGGTAATTCCAGCTCCAATAGCGTATATTAAAGTTGTTGCAGTTAAAAAGCTCGTAGTTGAATTTCGGGATCAAATTGTCGGTCGTGCCTCGGTACGTACTGGCGTTATTGGTTCCTCCCTTCTGAAGAACCGCGATGTCATTAATTTGGTGTCGCGGGGAATCAGGACTGTTACTTTGAAAAAATTAGAGTGTTTAAAGCAGGCTCGCGCTTGAATACATTAGCATGGAATAATGAAATAGGACGTTTGATTCTATTTTGTTGGTTTCTAGGATCGACGTAATGATTAATAGGGATAGTTGGGGGCATTAGTATTCAATTGTCAGAGGTGAAATTCTTGGATTTATTGAAGACTAACTACTGCGAGAGCATTTGCCAAGGATGTTTTCATTAATCAAGAACGAAAGTTAGGGGATCGAAGACGATCAGATACCGTCGTAGTCCTGACCGTAAACGATGCTAACTAGCGATCTGCCGGCGACCCATTCAAAGTGGTCCCGGTAGGGAGCTTGCGGGAAACCAAAGTGTTTGGGTTC,Eukaryota_Obazoa_Opisthokonta_Fungi_Mucoromycota_Glomeromycotina_Glomeraceae_Glomus,AMF
CAGCCGCGGTAATTCCAGCTCCAATAGCGTATATTAAAGTTGTTGCAGTTAAAAAGCTCGTAGTTGAATTTCGGGATCAAATTGTCGGTCGTGCCTCGGTACGCACTGGCGTTATTGGTTCCTCCCTTCTGAAGAACCGCGATGTCATTAATTTGGTGTCGCGGGGAATCAGGACTGTTACTTTGAAAAAATTAGAGTGTTTAAAGCAGGCTCGCGCTTGAATACATTAGCATGGAATAATGAAATAGGACGTTTGATTCTATTTTGTTGGTTTCTAGGATCGACGTAATGATTAATAGGGATAGTTGGGGGCATTAGTATTCAATTGTCAGAGGTGAAATTCTTGGATTTATTGAAGACTAACTACTGCGAAAGCATTTGCCAAGGATGTTTTCATTAATCAAGAACGAAAGTTAGGGGATCGAAGACGATTTATGTACGTCGTAGTCTTAACCATAAACTATGCCGACTAGGGATCGGATGATGTTAATTTTTTAATGACTCATTCGGCGCCTTACGGGAAACCAAAGTGTTTGGGTTC,Eukaryota_Obazoa_Opisthokonta_Fungi_Mucoromycota_Glomeromycotina,AMF
CAGCCGCGGTAATTCCAGCTCCAATAGCGTATATTAAAGTTGTTGCAGTTAAAAAGCTCGTAGTTGAATTTCGAGACCGGTTTACTGGTCGTGCTTTTGTACGTACTGGTATTATTGGTTTCTCCTTTCTGACGAATCATAATGCCATTAATTTGGTGTTTTGGGGAATCAGGACTGTTACTTTGAAAAAATTAGAGTGTTTAAAGCAGGCTCACGCTTGAATACATTAGCATGGAATAACGAAATAGGACGTTTGATTTTATTTTGTTGGTTTCTAGGATCGACGTAATGATTAATAGGGATAGTTGGGGGCATTAGTATTCAATTGTCAGAGGTGAAATTCTTGGATTTATTGAAGACTAACTACTGCGAAAGCATTTGCCAAGGATGTTTTCATTAATCAAGAACGAAAGTTAGGGGATCGAAGACGATCAGATACCGTCGTAGTCTTAACCATAAACTATGCCGACTGGGAATCGGGCGATGTTATTTTTCGTGACTCGCTCGGCGCCCCGAGGGAAACCAAAGTGTTTGGGTTC,Eukaryota_Obazoa_Opisthokonta_Fungi_Mucoromycota_Glomeromycotina_Glomeraceae_Glomus_Glomus Goomaral13b Glo 9 18S rDNA VTX00125,AMF
CAGCCGCGGTAATTCCAGCTCCAATAGCGTATATTAAAGTTGTTGCAGTTAAAAAGCTCGTAGTTGAACTTCGGGGTCTACCCATTGGTCAGGCTTATTGTCTGCACTGGTGAGATGGATCTCTACCTTCTGAGGAACTTTCATGCCATTTATTTGGTGTGGTTGGAAATCAGGACTGTTACTTTGAAAAAATTAGAGTGTTTAAAGCAGACTATCGTCTGAATACATTAGCATGGAATAATGAAATAGGACGTTCGAACCTATTTTGTTGGTTTCTAGGATCAACGTAATGATTAATAGGGATAGTTGGGGGCATTAGTATTCAATTGTCAGAGGTGAAATTCTTGGATTTATTGAAGACTAACTACTGCGAAAGCATTTGCCAAGGATGTTTTCATTAATCAAGAACGAAAGTTAGGGGATCGAAGACGATCAGATACCGTCGTAGTCTTAACCATAAACTATGCCGACTAGGGATCGGATGATGTTAATTTTTTAATGACTCATTCGGCGCCTTACGGGAAACCAAAGTGTTTGGGTTC,Eukaryota_Obazoa_Opisthokonta_Fungi_Mucoromycota_Glomeromycotina_Glomeromycotina_X_Glomeromycotina_XX_Glomeromycotina_XX_sp.,AMF
CAGCCGCGGTAATTCCAGCTCCAATAGCGTATATTAAAGTTGTTGCAGTTAAAAAGCTCGTAGTTGAATTTCGGGATTGACACATCGGTCGTGCCTTAAGGGGTATGAACTGGTGTAGTCAATTTCTCAACTTCTGGAGAACCGCGATGCCCTTAATTGGGTGTCGCGGGGAACCAGGACCTTTACTTTGAAAAAATTAGAGTGTTTAAAGCAGGCATTTTGCTTGAATACATTAGCATGGAATAATAAAATAGGACGGCATGATTCTATTTTGTTGGTTTCTAGGATCACCGTAATGATTAATAGGGATAGTTGGGGGCATTAGTATTCAATTGTCAGAGGTGAAATTCTTGGATTTATTGAAGACTAACTACTGCGAAAGCATTTGCCAAGGATGTTTTCATTAATCAAGAACGAAAGTTAGGGGATCGAAGACGATCAGATACCGTCGTAGTCTTAACCATAAACTATGCCGACTAGGGATCGGACGAAGTTAATTTTATAATGACGCGTTCGGCACCTTACGGGAAACCAAAGTGTTTGGGTTC,Eukaryota_Obazoa_Opisthokonta_Fungi_Mucoromycota_Glomeromycotina_Glomerales_Claroideoglomus,AMF
CAGCCGCGGTAATTCCAGCCAGCCGCGGTAATTCCAGCTCCAATAGCGTATATTAAAGTTGTTGCAGTTAAAAAGCTCGTAGTTGAACTTCGGGGTCTACCCATTGGTCAGGCTTAATTGTCTGCACTGGTGAGATGGATCTCTACCTTCTGAGGAACTTTCATGCCATTTATTTGGTGTGGTTGGAAATCAGGACTGTTACTTTGAAAAAATTAGAGTGTTTAAAGCAGGCTCACGCTTGAATACATTAGCATGGAATAATGAAATAGGACGTTTGATTCTATTTTGTTGGTTTCTAGGATTGACGTAATGATTAATAGGGATAGTTGGGGGCATTAGTATTCAATTGTCAGAGGTGAAATTCTTGGATTTATTGAAGACTAACTACTGCGAAAGCATTTGCCAAGGATGTTTTCATTAATCAAGAACGAAAGTTAGGGGATCGAAGACGATCAGATACCGTCGTAGTCTTAACCATAAACTATGCCGACTAGGGATCGGATGATGTTAATTTTTTAATGACTCATTCGGCGCCTTACGGGAAACCAAAGTGTTTGGGTTC,Eukaryota_Obazoa_Opisthokonta_Fungi_Mucoromycota_Glomeromycotina_Glomeromycotina_X_Glomeromycotina_XX_Glomeromycotina_XX_sp.,AMF
CAGCCGCGGTAATTCCAGCTCCAATAGCGTATATTAGTGTTGTTGCGGTTAAAAAGCTCGTAGTTGAATTTCGGGATTGGGATATATCGGTCATGCCTTTAGGGGCATGAATTGGTGTGTAGCCAATTTCTCACCTTCTGGTGAATTGGGATGCTCTTGGGTGTTTCAATGAGCTAGGACTTTTACTTTGAAAAAATTATAGTGTTTAAAGCGGGCATTTTTGCTTGAATACATTAGCATGGAATAATAAAATAGGACGATGGTTCTATTTTGTTGGTTTTAGGACCACGTAATGATTAATAGGGATAGTTGGGGGCATTAGTATTCAATAGTCAGAGGTGAAATTCTTGGATTTATTGAGGACTAACTACTGCGAAAGCATTTGCCAAGGATGTTTTCATTAATCAAGAACGAAAGTTAGGGGATCGAAGACGATTTATGTACGTCGTAGTCTTAACCATAAACTATGCCGACTAGGAATCAGACAAAGTTCATTTTTTAACGACTTGTTTGGTACCTTACGGGAAACCAAAGTGTTTGGGTTC,Eukaryota_Obazoa_Opisthokonta_Fungi_Mucoromycota_Glomeromycotina_Claroideoglomeraceae_Claroideoglomus_Claroideoglomus Torrecillas 13 Cl3 18S rDNA VTX00402,AMF
CAGCCGCGGTAATTCCAGCTCCAATAGCGTATATTAGTGTTGTTGCGGTTAAAAAGCTCGTAGTTGAATTTCGGGATTGGGATATATCGGTCATGCCTTTAGGGGCATGAATTGGTGTGTAGCCAATTTCTCACCTTCTGGTGAATTGGGATGCTCTTGGGTGTTTCAATGAACTAGGACTTTTACTTTGAAAAAATTATAGTGTTTAAAGCGGGCATTTTTGCTTGAATACATTAGCATGGAATAATAAAATAGGACGATGGTTCTATTTTGTTGGTTTTAGGACCACGTAATGATTAATAGGGATAGTTGGGGGCATTAGTATTCAATAGTCAGAGGTGAAATTCTTGGATTTATTGAGGACTAACTACTGCGAAAGCATTTGCCAAGGATGTTTTCATTAATCAAGAACGAAAGTTGGGGGCTCGAAGACGATCAGATACCGTCCTAGTCTCAACCATAAACGATGCCGACCAGGGATCGGCGGATGTTGCTTATAGGACTCCGCCGGCACCTTAGGGGAAACCAAAGTATTTGGGTTC,Eukaryota_Obazoa_Opisthokonta_Fungi_Mucoromycota_Glomeromycotina_Claroideoglomeraceae_Claroideoglomus_Claroideoglomus Torrecillas12b Glo G7 18S rDNA VTX00402,AMF
CATCCTCTTTCCTTCCCTCTCCCCTCTCGTCTCTTAACGTTTTTTCCTTTCCCCCGCTCGTCGTTGCCTTTCGGGCTCCCTATCTCGTTCTTGCCTTTGTCCGTCCTGGTCTCCTTGGTCTCTCCTTTCTGCCGCCCCCTGCTTTCCTTCCTTTGGTGTTCTGGGCAGTTAGGCCTGTTACTTTGAAAAAATTAGAGTGTTTAAAGCAGGCTTTAGCTTGAATACATTAGCATGGAATAATGAAATAGGACGTTCGAACCTATTTTGTTGGTTTCTAGGATCAACGTAATGATTAATAGGGATAGTTGGGGGCATTAGTATTCAATTGTCAGAGGTGAAATTCTTGGATTTATTGAAGACTAACTACTGCGAAAGCATTTGCCAAGGATGTTTTCATTAATCAAGAACGAAAGTTAGGGGATCGAAGACGATCAGATACCGTCGTAGTCTTAACCATAAACTATGCCGACTAGGGATCGGATGATGTTAATTTTTTAATGACTCATTCGGCGCCTTACGGGAAACCAAAGTGTTTGGGTTC,Eukaryota_Obazoa_Opisthokonta_Fungi_Mucoromycota_Glomeromycotina_Glomeraceae_Glomus,AMF
CCTCCTCTTTCCTTCCCTCTCCCCTCTCGTCTCTTAACGTTTTTTCCTTTCCCCCGCTCGTCGTTGCCTTTCGGGGTTCGTATTTTGTTCCTGCCTCTGGTCTGTCCTGGTCTCCCTGCTTCCTCCTTCCTGCTGCCCCTTCCTGCCCTTCCTTTGGTGTTTTGGGGACTTTGGACTGTTACTTTGAAAAAATTAGAGTGTTTAAAGTAAGCTAACGCTTGAATACATTAGCATGGAATAATGAAATAGGACGTTCGATCCTATTTTGTTGGTTTCTAGGATTGACGTAATGATTAATAGGGATAGTTGGGGGCATTAGTATTCAATTGTCAGAGGTGAAATTCTTGGATTTATTGAAGACTAACTACTGCGAAAGCATTTGCCAAGGATGTTTTCATTAATCAAGAACGAAAGTTAGGGGATCGAAGACGATCAGATACCGTCGTAGTCTTAACCATAAACTATGCCGACTAGGGATCGGATGATGTTAATTTTTTAATGACTCATTCGGCGCCTTACGGGAAACCAAAGTGTTTGGGTTC,Eukaryota_Obazoa_Opisthokonta_Fungi_Mucoromycota_Glomeromycotina_Glomerales_Rhizophagus,AMF
CAGCCGCGGTAATTCCAGCTCCAATAGCGTATATTAAAGTTGTTGCAGTTAAAAAGCTCGTAGTTGAATTTCGGGATCAATACGTCGGTCGTGCCTCGGTACGTACTAACGTTATTGGTTTCTCCCTTCTGACGAACCGTGATGTCATTAATTTGGTGTTACGGGAAGTTAGGACTGTTACTTTGAAAAAATTAGAGTGTTTAAAGCAGGCTTTAGCTTGAATACATTAGCATGGAATAATGAAATAGGACGTTCGAACCTATTTTGTTGGTTTCTAGGATCGACGTAATGATTAATAGGGATAGTTGGGGGCATTAGTATTCAATTGTCAGAGGTGAAATTCTTGGATTTATTGAAGACTAACTACTGCGAAAGCATTTGCCAAGGATGTTTTCATTAATCAAGAACGAAAGTTAGGGGATCGAAGACGATCAGATACCGTCGTAGTCTTAACCATAAACTATGCCGACTAGGGATCGGATGATGTTAATTTTTTAATGACTCATTCGGCGCCTTACGGGAAACCAAAGTGTTTGGGTTC,Eukaryota_Obazoa_Opisthokonta_Fungi_Mucoromycota_Glomeromycotina_Glomerales_Glomus_Glomus_macrocarpum,AMF
CAGCCGCGGTAACTCCAGCTCCAATAGCGTATATTAAAGTTGTTGCAGTTAAAAAGCTCGTAGTTGAACTTTGAGCCTGGCTGGCCGGTCCGCCTCACCGCGTGCACTGGTCCGGCCGGGCTTTTCCTCCTGGGGAGCCGCATGCCCTTCACTGGGTGTGTCGGGGAACCAGGACTTTTACTTTGAAAAAATTAGAGTGTTCAAAGCAGGCCTATGCTCGAATACATTAGCATGGAATAATGAAATAGGACGGACTGATTCTATTTCGTTGGTTTCTAGGATCACCGTAATGATTAATAGGGATAGTTGGGGGCATTAGTATTCAATTGTCAGAGGTGAAATTCTTGGATTTATTGAAGACTAACTACTGCGAAAGCATTTGCCAAGGATGTTTTCATTAATCAAGAACGAAAGTTAGGGGATCGAAGACGATCAGATACCGTCGTAGTCTTAACCATAAACTATGCCGACTAGGGATCGGACGAAGTTAATTTTATAATGACGCGTTCGGCACCTTACGGGAAACCAAAGTGTTTGGGTTC,Eukaryota_Obazoa_Opisthokonta_Fungi_Mucoromycota_Glomeromycotina,AMF
CAGCCGCGGTAATTCCAGCTCCAATAGCGTATATTAGTGTTGTTGCGGTTAAAAAGCTCGTAGTTGAATTTCGGGGTTAGTAGGTTGGTCATGCCTCTGGTATGTACTGGTCTCACTGATTCCTCCTTCCTGATGAACCTTAATGCCATTAATTTGGTGTTTTGGGGAATTTGGACTGTTACTTTGAAAAAATTAGAGTGTTTAAAGCAAGCTAACGCTTGAATACATTAGCATGGAATAATGAAATAGGACGTTCGAACCTATTTTGTTGGTTTCTAGGATCACCGTAATGATTAATAGGGATAGTTGGGGGCATTAGTATTCAATTGTCAGAGGTGAAATTCTTGGATTTATTGAAGACTAACTACTGCGAAAGCATTTGCCAAGGATGTTTTCATTAATCAAGAACGAAAGTTAGGGGATCGAAGACGATCAGATACCGTCGTAGTCTTAACCATAAACTATGCCGACTAGGAATCAGACGATGTTAATTTTTTAATGACTCATTCGGCGCCTTACGGGAAACCAAAGTGTTTGGGTTC,Eukaryota_Obazoa_Opisthokonta_Fungi_Mucoromycota_Glomeromycotina_Glomerales,AMF
CAGCCGCGGTAATTCCAGCTCCAATAGCGTATATTAAAGTTGTTGCAGTTAAAAAGCTCGTAGTTGAACCTTTGGACTGGCTGGCAGGTCCGCCTCACCGCGTGCACTTGTCCGGCCGGGCCTTTTCTTCTGAAGAACCGCGATGTCATTAATTTGGTGTCGCGGGAAATCAGGACTGTTACTTTGAAAAAATTAGAGTGTTTAAAGCAGGCTCGCGCTTGAATACATTAGCATGGAATAATGAAATAGGACGTTTGATTCTATTTTGTTGGTTTCTAGGATCGACGTAATGATTAATAGGGATAGTTGGGGGCATTAGTATTCAATTGTCAGAGGTGAAATTCTTGGATTTATTGAAGACTAACTACTGCGAAAGCATTTGCCAAGGATGTTTTCATTAATCAAGAACGAAAGTTAGGGGATCGAAGACGATCAGATACCGTCGTAGTCTTAACCATAAACTATGCCGACTAGGGATCGGATGATGTTAATTTTTTAATGACTCATTCGGCGCCTTACGGGAAACCAAAGTGTTTGGGTTC,Eukaryota_Obazoa_Opisthokonta_Fungi_Mucoromycota_Glomeromycotina_Glomeraceae_Glomus,AMF
CAGCCGCGGTAATTCCAGCTCCAATAGCGTATATTAAAGTTGTTGCAGTTAAAAAGCTCGTAGTTGAATTTCGGGATCAGTTGGTCGGTCGTGCCTCGGTACGTACTGGTCAAATTGATTCCTACCTTCTGACGAACCACGATGTCATTAATTTGGTGTCGCGGGAAATCAGGACTGTTACTTTGAAAAAATTAGAGTGTTTAAAGCAGGCTCGCGCTTGAATACATTAGCATGGAATAATGAAATAGGACGTTTGATTCTATTTTGTTGGTTTCTAGGATCGACGTAATGATTAATAGGGATAGTTGGGGGCATTAGTATTCAATTGTCAGAGGTGAAATTCTTGGACCCTCGTATGACTAACAACAGCGAAAGCATTTGCTAAGAATGTTTTCATTAATCAAGAACGAAAGTTAGAGGATCGAAGGCGATTAGATACCGCCCTAGTTCTAACCATAAACGATGCCAACCAGCGATCAGCCTGAGTTACCTACAGAATTGACTCGGCTGGCAGCTTCCGGGAAACCAAAGTGTTTGGGTTC,Eukaryota_Obazoa_Opisthokonta_Fungi_Mucoromycota_Glomeromycotina_Glomeraceae_Glomus,AMF
CAGCCGCGGTAATTCCAGCTCCAATAGCGTATATTAAAGTTGTTGCAGTTAAAAAGCTCGTAGTTGAATTTCGGGGTTAGTAGGTTGGTCATGCCTCTGGTATGTACTGGTCTCACTGATTCCTCCTTCCTGATGAACCTTAATGCCATTAATTTGGTGTTTTGGGGAATTTGGACTGTTACTTTGAAAAAATTAGAGTGTTTAAAGCAAGCTAACGCTTGAATACATTAGCATGGAATAATGAAATAGGACGTTCGATCCTATTTTGTTGGTTTCTAGGATTGACGTAATGATTAATAGGGATAGTTGGGGGCATTAGTATTCAATTGTCAGAGGTGAAATTCTTGGATTTATTGAAGACTAACTACTGCGAAAGCATTTGCCAAGGATGTTTTCATTAATCAAGAACGAAAGTTAGGGGATCGAAGACGATCAGATACCGTCGTAGTCTTAACCATAAACTATGCCGACTAGGGATCGGATGATGTTAATTTTTTAATGACTCATTCGGCGCCTTACGGGAAACCAAAGTGTTGGGGAAACCAAAGTGTTTGGGTTC,Eukaryota_Obazoa_Opisthokonta_Fungi_Mucoromycota_Glomeromycotina_Glomerales_Rhizophagus_Rhizophagus_irregularis,AMF
CAGCCGCGGTAATTCCAGCTCCAATAGCGTATATTAAAGTTGCTGCAGTTAAAAAGCTCGTAGTTGAATTTCGGGGTCAATATATCGGTCGTGCCATCGGTACGTACTGGTATCATTGATCTCTCCTTTCTGACGAACCATGATGTCATTAATTTGGTGTCTTGGGAAATCAGGACTGTTACTTTGAAAAAATTAGAGTGTTTAAAGCAGGCTCACGCTTGAATACATTAGCATGGAATAATGAAATAGGACGTTTGATTCTATTTTGTTGGTTTCTAGGATCGACGTAATGATTAATAGGGATAGTTGGGGGCATTAGTATTCAATTGTCAGAGGTGAAATTCTTGGATTTATTGAAGACTAACTACTGCGAAAGCATTTGCCAAGGATGTTTTCATTAATCAAGAACGAAAGTTAGGGGATCGAAGACGATCAGATACCGTCGTAGTCTTAACCATAAACTATGCCGACTAGGGATCGGATGATGTTAATTTTTTAATGACTCATTCGGCGCCTTACGGGAAACCAAAGTGTTTGGGTTC,Eukaryota_Obazoa_Opisthokonta_Fungi_Mucoromycota_Glomeromycotina_Glomerales_Glomus_Glomus_sp.,AMF
CAGCCGCGGTAATTCCAGCTCCAATAGCGTATATTAAAGTTGCTGCAGTTAAAAAGCTCGTAGTTGAATTTCGGGACTAATATGTCGGTCGTGCCTCGGTACGTACTGGTATTTTTGGTTTCTCCCTTCTGACGAACCTTGATGTCATTAATTTGGTGTCTTGGGAAATCAGGACTGTTACTTTGAAAAAATTAGAGTGTTTAAAGCAGGCTCACGCTTGAATACATTAGCATGGAATAATGAAATAGGACGTTTGATTCTATTTTGTTGGTTTCTAGGATCGACGTAATGATTAATAGGGATAGTTGGGGGCATTAGTATTCAATTGTCAGAGGTGAAATTCTTGGATTTATTGAAGACTAACTACTGCGAAAGCATTTGCCAAGGATGTTTTCATTAATCAAGAACGAAAGTTGGGGGATCGAAGACGATCAGATACCGTCGTAGTCTCAACTATAAACTATACCAACTAAGGATCAGTGAACGTTGCATATACGACTTCATTGGCACTTTATGGGAAACCAAAGTGTTTGGGTTC,Eukaryota_Obazoa_Opisthokonta_Fungi_Mucoromycota_Glomeromycotina_Glomeraceae_Glomus_Glomus Douhan7 18S rDNA VTX00160,AMF
CAGCCGCGGTAATTCCAGCTCCAATAGCGTATATTAAAGTTGCTGCAGTTAAAAAGCTCGTAGTTTAATTTCGGGATCAATATTTCGGTCATGCCGTTGGTATGCACTGTTATCATTGATTTCTCACCTTCTAAAGAACCGTAATGCCATTAATTTGGTGTTACGGGGAATTAGGACTGTTACCTTGAAAAAATTAGAGTGTTTAAAGCAGGCTCACGCTTGAATACATTAGCATGGAATAATGAAATAGGACATCCGATTCTATTTTGTTGGTTTCTAGGATCGATGTAATGATTAATAGGGATAGTTGGGGGCATTAGTATTCAATTGTCAGAGGTGAAATTCTTGGATTTATTGAAGACTAACTACTGCGAAAGCATTTGCCAAGGATGTTTTCATTAATCAAGAACGAAAGTTAGGGGATCGAAGACGATCAGATACCGTCGTAGTCTCAACTATAAACTATACCAACTCGGGATGGGTCAACGTTGAATTTACGACTTGATCCGCACCGTATGGGAAACCAAAGTGTTTGGGTTC,Eukaryota_Obazoa_Opisthokonta_Fungi_Mucoromycota_Glomeromycotina,AMF
CAGCCGCGGTAATTCCAGCTCCAATAGCGTATATTAAAGTTGTTGCAGTTAAAAAGCTCGTAGTTGAACCTCGGGATCAATGGGTCGGTCATGCCAATGGTATGTACTGGCCTCATTGGTTCTCACCTTCTAAGGAACCATGATGTCATTCATTTGATGTTGTGGGGAATTAGGACTGTTACCTTGAAAAAATTAGAGTGTTTAAAGCAGGCTAACGCTTGAATACATTAGCATGGAATAATGAAATAGGACATCGCATTCTATTTTGTTGGTTTCTAGGATCGATGTAATGATTAATAGGGATAGTTGGGGGCATTAGTATTCAATTGTCAGAGGTGAAATTCTTGGATTTATTGAAGACTAACTACTGCGAAAGCATTTGCCAAGGATGTTTTCATTAATCAAGAACGAAAGTTGGGGGCTCGAAGACGATCAGATACCGTCCTAGTCTCAACCATAAACGATGCCGACCAGGGATCGGCGGATGTTGCTTATAGGACTCCGCCGGCACCTTATGAGAAACCAAAGTGTTTGGGTTC,Eukaryota_Obazoa_Opisthokonta_Fungi_Mucoromycota_Glomeromycotina_Glomeraceae_Glomus_Glomus NES05 18S rDNA VTX00063,AMF
CAGCCGCGGTAATTCCAGCTCCAATAGCGTATATTAAAGTTGTTGCAGTTAAAAAGCTCGTAGTTGAATTTCGGGATCAGATTGTCGGTCGTGCCTCGGTACGCACTGGCATTATTGGTTCCTACCTTCTGAAGAACCGCGATGTCATTAATTTGGTGTCGTGGGGAATCAGGACTGTTACTTTGAAAAAATTAGAGTGTTTAAAGCAGGCTCACGCTTGAATACATTAGCATGGAATAATGAAATAGGACGTTCGAACCTATTTTGTTGGTTTCTAGGATCAACGTAATGATTAATAGGGATAGTTGGGGGCATTAGTATTCAATTGTCAGAGGTGAAATTCTTGGATTTATTGAAGACTAACTACTGCGAAAGCATTTGCCAAGGATGTTTTCATTAATCAAGAACGAAAGTTGGGGGCTCGAAGACGATCAGATACCGTCCTAGTCTCAACCATAAACGATGCCGACCAGGGATCGGCGGATGTTGCTTATAGGACTCCGCCGGCACCTTATGGGAAACCAAAGTGTTTGGGTTC,Eukaryota_Obazoa_Opisthokonta_Fungi_Mucoromycota_Glomeromycotina_Glomeraceae_Glomus,AMF
CAGCCGCGGTAATTCCAGCTCCAATAGCGTATATTAAAGTTGTTGCAGTTAAAAAGCTCGTAGTTGAATTTCGGGGTTAGTAGGTTGGTCATGCCTCTGGTATGTACTGGTCTCACTGATTCCTCCTTCCTGATGAACCTTAATGCCATTAATTTGGTGTTTTGGGGAATTTGGACTGTTACTTTGAAAAAAATATAGTGTTTAAAGCGGGCATTTTTGCTTGAATACATTAGCATGGAATAATGAAATAGGACGTTCGATCCTATTTTGTTGGTTTCTAGGATTGACGTAATGATTAATAGGGATAGTTGGGGGCATTAGTATTCAATTGTCAGAGGTGAAATTCTTGGATTCATGCAAGATGAACTGCTGCGAAAGCGTTTGTCAAAGACGTTTTCATTGATCAAGAACGAAAGTTAGGGGAGCAAAGACGATCAGATACCGTCGTAGTCCTAACTATAAACGATGCCGACTAGGGATCGGATGATGTTAATTTTTTAATGACTCATTCGGCGCCTTACGGGAAACCAAAGTGTTTGGGTTC,Eukaryota_Obazoa_Opisthokonta_Fungi_Mucoromycota_Glomeromycotina_Glomerales_Rhizophagus,AMF
CAGCCGCGGTAATTCCAGCTCCAATAGCGTATATTAAAGTTGTTGCAGTTAAAAAGCTCGTAGTTGAATTTCGGGATTGACACATCGGTCGTGCCTTAAGGGGTATGAACTGGTGTAGTCAATTTCTCACCTTCTGGAGAACCGCGATGCCCTTAATTGGGTGTCGCGGGGAACCAGGACCTTTACTTTGAAAAAATTAGAGTGTTTAAAGCAGGCATTTTGCTTGAATACATTAGCATGGAATAATAAAATAGGACGGCATGATTCTATTTTGTTGGTTTCTAGGATCACCGTAATGATTAATAGGGATAGTTGGGGGTGCTAGTATTCCGCGGCCAGAGGTGAAAGCATTCAAGGATGTCTTTAATCAAGAACGAAAGTTTGGGGATCGAAGACGATCAGATACCGTCGTAGTCTCAACCATAAACTATACCGACTAAGGATCAGTGATAGTTGTTTTACGACTTCATTGGCACTTTGTGGGAAACCAAAGTGTTTGGGTTC,Eukaryota_Obazoa_Opisthokonta_Fungi_Mucoromycota_Glomeromycotina_Glomerales,AMF
CAGCCGCGGTAATTCCAGCTCCAATAGCGTATATTAAAGTTGTTGCAGTTAAAAAGCTCGTAGTTGAATTTCGGGATTGACACATCGGTCGTGCCTTAAGGGGTATGAACTGGTGTAGTCAATTTCTCACCTTCTGGAGAACCGCGATGCCCTTAATTGGGTGTCGCGGGGAACCAGGACCTTTACTTTGAAAAAATTAGAGTGTTTAAAGCAGGCATTTTGCTTGAATACATTAGCATGGAATAATAATATAGGACTTCGGTTCTATTTTGTTGGTTTCTAGAACTGAAGTAATGATTGATAGGGATAGTTGGGGGTGCTAGTATTCAGTGGCCAGAGGTGAAATTCTTGGATTCACTGAAGACTAACTTATGCGAAAGCATTCACCAAGGATGTCTTCTTTAATCAAGAACGAAAGTTGGGGGATCGAAGACGATCAGATACCGTCGTAGTCTCAACCATAAACTATACCGACTAAGGATCAGTGATAGTTGTTTTACGACTTCATTGGCACTTTGTGGGAAACCAAAGTGTTTGGGTTC,Eukaryota_Obazoa_Opisthokonta_Fungi_Mucoromycota_Glomeromycotina_Glomerales_Glomus,AMF
CAGCCGCGGTAATTCCAGCTCCAATAGCGTATATTAAAGTTGTTGCAGTTAAAAAGCTCGTAGTTGAATTTCGGGATCAATATTTCGGTCATGCCGTTGGTATGCACTGTTATCATTGATTTCTCACCTTCTAAAGAACCGTAATGCCATTAATTTGGTGTTACGGGGAATTAGGACTGTTACCTTGAAAAAATTAGAGTGTTTAAAGCAGGCTCACGCTTGAATACATTAGCATGGAATAATGAAATAGGACGTTTGATTCTATTTTGTTGGTTTCTAGGATTGACGTAATGATTAATAGGGATAGTTGGGGGCATTAGTATTCAATTGTCAGAGGTGAAATTCTTGGATTTATTGAAGACTAACTACTGCGAAAGCATTTGCCAAGGATGTTTTCATTAATCAAGAACGAAAGTTAGGGGATCGAAGACGATCAGATACCGTCGTAGTCTTAACCATAAACTATGCCGACTAGGGATCGGATGATGTTAATTTTTTAATGACTCATTCGGCGCCTTACGGGAAACCAAAGTGTTTGGGTTC,Eukaryota_Obazoa_Opisthokonta_Fungi_Mucoromycota_Glomeromycotina_Glomerales_Funneliformis_Funneliformis_mosseae,AMF
CAGCCGCGGTAATTCCAGCTCCAATAGCGTATATTAAAGTTGTTGCAGTTAAAAAGCTCGTAGTTGAATTTCGGGATCAATATATCGGTCGTGCCTTGGTACGTACTGGTATCATTGGTCTCTCCTTTCTGACGAACCATGATGTCATTAATTTGGTGTTATGGGAAGTTAGGACTGTTACTTTGAAAAAATTAGAGTGTTTAAAGCAGGCTTTCGCTTGAATACATTAGCATGGAATAATGAAATAGGACGTTTGATCCTATTTTGTTGGTTTCTAGGATTGACGTAATGATTAATAGGGATAGTTGGGGGCATTCGTATTGCGGAGTCAGAGGTGAAATTCTTGGATTTCCGCAAGACGAACTAGTGCGAAAGCATTTGCCAAGGATGTTTTCATTAATCAAGAACGAAAGTTAGGGGATCGAAGACGATCAGATACCGTCGTAGTCTTAACCATAAACTATGCCGACTAGGGATCGGATGATGTTAATTTTTTAATGACTCATTCGGCGCCTTACGGGAAACCAAAGTGTTTGGGTTC,Eukaryota_Obazoa_Opisthokonta_Fungi_Mucoromycota_Glomeromycotina,AMF
CAGCCGCGGTAATTCCAGCTCCAATAGCGTATATTAAAGTTGTTGCAGTTAAAAAGCTCGTAGTTGAATTTCGGGATTGACACATCGGTCGTGCCTTAAGGGGTATGAACTGGTGTAGTCAATTTCTCACCTTCTGGAGAACCGCGATGCCCTTAATTGGGTGTCGCGGGGAACCAGGACCTTTACTTTGAAAAAATTAGAGTGTTTAAAGCAGGCTCACGCTTGAATACATTAGCATGGAATAATAAAATAGGACGATGGTTCTATTTTGTTGGTTTTAGGACCACGTAATGATTAATAGGGATAGTTGGGGGCATTAGTATTCAATAGTCAGAGGTGAAATTCTTGGATTTATTGAGGACTAACTACTGCGAAAGCATTTGCCAAGGATGTTTTCATTAATCAAGAACGAAAGTTAGGGGATCGAAGACGATTTATGTACGTCGTAGTCTTAACCATAAACTATGCCGACTAGGGATCGGATGATGTTAATTTTTTAATGACTCATTCGGCGCCTTACGGGAAACCAAAGTGTTTGGGTTC,Eukaryota_Obazoa_Opisthokonta_Fungi_Mucoromycota_Glomeromycotina,AMF
CAGCCGCGGTAATTCCAGCTCCAATAGCGTATATTAAAGTTGTTGCAGTTAAAAAGCTCGTAGTTGAATTTCGGGGTTAGTAGGTCGGTCATGCCTCTGGTATGTACTGGTCTCACTGATTCCTCCTTCCTGATGAACCTTAATGCCATTAATTTGGTGTTTTGGGGAATTTGGACTGTTACTTTGAAAAAATTAGAGTGTTTAAAGCAAGCTAACGCTTGAATACATTAGCATGGAATAATGAAATAGGACGTTCGATCCTATTTTGTTGGTTTCTAGGATTGACGTAATGATTAATAGGGATAGTTGGGGGCATTAGTATTCAATTGTCAGAGGTGAAATTCTTGGATTTATTGAAGACTAACTACTGCGAAAGCATTTGCCAAGGATGTTTTCATTAATCAAGAACGAAAGTTAGGGGATCGAAGACGATCAGATACCGTCGTAGTCTTAACCATAAACGATGCCGACTAGGGATCGGTGGGTGTTAGTTTTATGACTCCATCGGCACCTCATGGGAAACCAAAGTGTTTGGGTTC,Eukaryota_Obazoa_Opisthokonta_Fungi_Mucoromycota_Glomeromycotina_Glomerales_Rhizophagus,AMF
CAGCCGCGGTAACTCCAGCTCCAATAGCGTATATTAAAGTTGTTGCAGTTAAAAAGCTCGTAGTTGAATTTCGGGATCAATATATCGGTCGTGCCTTGGTATGTACTGGTCTCACTGATTCCTCCTTCCTGATGAACCGTAATGCCATTTATTTGGTGTGATGGGAAATCAGGACTGTTACTTTGAAAAAATTAGAGTGTTTAAAGCAGACTATCGTCTGAATACATTAGCATGGAATAATGAAATAGGACGTTCGAACCTATTTTGTTGGTTTCTAGGATCAACGTAATGATTAATAGGGATAGTTGGGGGCATTAGTATTCAATTGTCAGAGGTGAAATTCTTGGATTTATTGAAGACTAACTACTGCGAAAGCATTTGCCAAGGATGTTTTCATTAATCAAGAACGAAAGTTAGGGGATCGAAGACGATCAGATACCGTCGTAGTCTTAACCATAAACTATGCCGACTAGGGATCGGATGATGTTAATTTTTTAATGACTCATTCGGCGTCTTACGGGAAACCAAAGTGTTTGGGTTC,Eukaryota_Obazoa_Opisthokonta_Fungi_Mucoromycota_Glomeromycotina_Glomerales_Glomus_Glomus_sp.,AMF
CCTCCTCTTTCCTTCCCTCTCCCCTCTCTTCTCTTCAAGTTGTTGCCGTTCCCCCGCTCGTAGTTGCATTTCGGGATTGACACCTCGGTCGTGCCTTCCGGGGTCTGCCCTGGTGTCGTCCCTTTCTCCCCTTCTGGCGCCCCGCGCTGCCCTTAATTGGGTGTCGCGGGGCACCAGGACCTTTACTTTGAAAAAATTAGAGTGTTTAAAGCAGGCATTTTGCTTGAATACATTAGCATGGAATAATAAAATAGGACGGCATGATTCTATTTTGTTGGTTTCTAGGATCACCGTAATGATTAATAGGGATAGTTGGGGGCATTAGTATTCAATTGTCAGAGGTGAAATTCTTGGATTTATTGAAGACTAACTACTGCGAAAGCATTTGCCAAGGATGTTTTCATTAATCAAGAACGAAAGTTAGGGGATCGAAGACGATCAGATACCGTCGTAGTCTTAACCATAAACTATGCCGACTAGGAATCAGACGATGTTAATTTTTTAATGACTCGTTTGGCACCTTACGGGAAACCAAAGTGTTTGGGTTC,Eukaryota_Obazoa_Opisthokonta_Fungi_Mucoromycota_Glomeromycotina_Glomerales_Glomus,AMF
CAGCCGCGGTAATTCCAGCTCCAATAGCGTATATTAAAGTTGTTGCAGTTAAAAAGCTCGTAGTTGAACCTTGGGTCTGGCTGATCTGTCCTCCTAATCGAGCGTACGGATTCGGCTGGACCTTTCCTTCTGGGGAGCCCCATGCCCTTCGTTGGGCGTGGTGGGGAACCAGGACCTTTACTTTGAAAAAATTAGAGTGTTTAAAGCAGGCATTTTGCTTGAATACATTAGCATGGAATAATAAAATAGGACGGCATGATTCTATTTTGTTGGTTTCTAGGATCACCGTAATGATTAATAGGGATAGTTGGGGGCATTAGTATTCAATAGTCAGAGGTGAAATTCTTGGATTTATTGAGGACTAACTACTGCGAAAGCATTTGCCAAGGATGTTTTCATTAATCAAGAACGAAAGTTAGGGGATCGAAGACGATTTATGTACGTCGTAGTCTTAACCATAAACTATGCCGACTAGGAATCAGACGATGTTAATTTTTTAATGACTCGTTTGGCACCTTACGGGAAACCAAAGTGTTTGGGTTC,Eukaryota_Obazoa_Opisthokonta_Fungi_Mucoromycota_Glomeromycotina_Glomerales_Glomus_Glomus_etunicatum,AMF
CCTCCTCTTTCCTTCCCTCTCCCCTCTCTTCTCTTCCCTTTTTTTCCTTTCCCCCTCTCTTCGTTGCCTTTCGGGGTTCGCAGTTCTGTCTTTCCCTTTTTCTGCCCTCGTCTCGCTGCTCCCTCCCTCTTGCCGCCCTTTGCTGCCCTTCCTTTGGTGTCGCCGGGCCTCCGGCCTGTTACTTTGAAAAAATTAGAGTGTTTAAAGCAGGCTTTAGCTTGAATACATTAGCATGGAATAATGAAATAGGACGTTCGAACCTATTTTGTTGGTTTCTAGGATCAACGTAATGATTAATAGGGATAGTTGGGGGCATTAGTATTCAATTGTCAGAGGTGAAATTCTTGGATTTATTGAAGACTAACTACTGCGAAAGCATTTGCCAAGGATGTTTTCATTAATCAAGAACGAAAGTTAGGGGATCGAAGACGATCAGATACCGTCGTAGTCTTAACCATAAACTATGCCGACTAGGGATCGGACGAAGTTAATTTTATAATGACGCGTTCGGCACCTTACGGGAAACCAAAGTGTTTGGGTTC,Eukaryota_Obazoa_Opisthokonta_Fungi_Mucoromycota_Glomeromycotina_Diversiporales_Diversispora_Diversispora_aurantia,AMF
CCGCCGCGGTACTTCCAGCTCCAATAGCGTATATTAAAGTTTTTTCCTTTCCCCCGCTCGTAGTTGAATTTCGGGGTTAGTAGTTTTTTCCTGCCTCTGGTCTTTCCTTTTCTCCCTTCTTCCTCCTTCCTGCTTCCCCTTCCTGCCCTTCCTTTTTTGTTTTGGGGCCTTTGGACTGTTACTTTGAAAAAATTAGAGTGTTTAAAGCAAGCTAACGCTTGAATACATTAGCATGGAATAATGAAATAGGACGTTCGATCCTATTTTGTTGGTTTCTAGGATTGACGTAATGATTAATAGGGATAGTTGGGGGCATTAGTATTCAATTGTCAGAGGTGAAATTCTTGGATTTATTGAAGACTAACTACTGCGAAAGCATTTGCCAAGGATGTTTTCATTAATCAAGAACGAAAGTTAGGGGATCGAAGACGATCAGATACCGTCGTAGTCTTAACCATAAACTATGCCGACTAGGGATCGGATGATGGTAAGTTGGGAAGGACGCAGGCGGCGCCGGACGGGAAACCAAAGGGGGGGGGGGC,Eukaryota_Obazoa_Opisthokonta_Fungi_Mucoromycota_Glomeromycotina_Glomerales_Rhizophagus_Rhizophagus_vesiculiferus,AMF
CAGCCGCGGTAATTCCAGCTCCAATAGCGTATATTAAAGTTGCTGCAGTTAAAAAGCTCGTAGTTGAATTTCGGGACTAATATGTCGGTCGTGCCTCGGTACGTACTGGTATTTTTGGTTTCTCCCTTCTGACGAACCTTGATGTCATTAATTTGGTGTCTCGGGAAATCAGGACTGTTACTTTGAAAAAATTAGAGTGTTTAAAGCAGGCTCACGCTTGAATACATTAGCATGGAATAATGAAATAGGACGTTTGATTCTATTTTGTTGGTTTCTAGGATTGACGTAATGATTAATAGGGATAGTTGGGGGCATTAGTATTCAATTGTCAGAGGTGAAATTCTTGGACCGCAGGAGGACCAACAACAGCGAAGGCAGTTGCCAAGAATGTCTTCATTAATCAAGAACGAAAGTCAGGGGATCGAAGACGATTAGATACCGTCGTAGTCTTAACCATAAACCATGCCGACTAGGGATCGGATGATGTTAATTTTTTAATGACTCATTCGGCGCCTTACGGGAAACCAAAGTGTTTGGGTTC,Eukaryota_Obazoa_Opisthokonta_Fungi_Mucoromycota_Glomeromycotina_Glomeraceae_Glomus_Glomus Douhan7 18S rDNA VTX00160,AMF
CAGCCGCGGTAATTCCAGCTCCAATAGCGTATATTAAAGTTGTTGCAGTTAAAAAGCTCGTAGTTGAATTTCGGGATCAATATATCGGTCGTGCCTTGGTACGTACTGGTATCATTGGTTTCTCCTTTCTGACGAACCATGATGTCATTAATTTGGTGTTATGGGAAGTTAGGACTGTTACTTTGAAAAAATTAGAGTGTTTAAAGCAGGCTTTAGCTTGAATACATTAGCATGGAATAATGAAATAGGACGTTCGAACCTATTTTGTTGGTTTCTAGGATCAACGTAATGATTAATAGGGATAGTTGGGGGCATTAGTATTCAATTGTCAGAGGTGAAATTCTTGGATTTATTGAAGACTAACTACTGCGAAAGCATTTGCCAAGGATGTTTTCATTAATCAAGAACGAAAGTTAGAGGTTCGAAGGCGATCAGATACCGCCCTAGTTCTAACCATAAACGATGCCAACCAGCGATTAGCCTGAGTTCCTTAAATGACTCGGCTAGCAGCTTCCGGGAAACCAAAGTGTTTGGGTTC,Eukaryota_Obazoa_Opisthokonta_Fungi_Mucoromycota_Glomeromycotina_Glomeraceae_Glomus,AMF
CATCCTCTTTCCTTCCCTCTCCCCTCTCTTCTCTTCAAGTTGTTGCCGTTCCCCCGCTCGTAGTTGCATTTCGGGATCAATATCTCGGTCGTGCCTTGGTCCGTCCTGGTCTCCTTGGTCTCTCCTTTCTGCCGCCCCCTGCTGTCCTTCCTTTGGTGTTCTGGGCAGTTAGGACTGTTACTTTGAAAAAATTAGAGTGTTTAAAGCAGGCTTTAGCTTGAATACATTAGCATGGAATAATGAAATAGGACGTTCGAACCTATTTTGTTGGTTTCTAGGATCAACGTAATGATTAATAGGGATAGTTGGGGGCATTAGTATTCAATTGTCAGAGGTGAAATTCTTGGATTTATTGAAGACTAACTACTGCGAAAGCATTTGCCAAGGATGTTTTCATTAATCAAGAACGAAAGTTAGGGGATCGAAGACGATCAGATACCGTCGTAGTCTTAACCATAAACTATGCCGACTAGGGATCGGATGATGTTAATTTTTTAATGACTCATTCGGCGCCTTACGGGAAACCAAAGTGTTTGGGTTC,Eukaryota_Obazoa_Opisthokonta_Fungi_Mucoromycota_Glomeromycotina_Glomeraceae_Glomus,AMF
CAGCCGCGGTAATTCCAGCTCCAATAGCGTATATTAAAGTTGTTGCAGTTAAAAAGCTCGTAGTTGAACCTCGGGGTCTACCCATTGGTCAGGCTTAATTGTCTGCACTGGTGAGATGGATCTCTACCTTCTGAGGAACTTTCATGCCATTTATTTGGTGTGATGGGAAATCAGGACTGTTACTTTGAAAAAATTAGAGTGTTTAAAGCAGACTATCGTCTGAATACATTAGCATGGAATAATGAAATAGGACGGACTGATTCTATTTCGTTGGTTTCTAGGATCACCGTAATGATTAATAGGGATAGTTGGGGGCATTAGTATTCAATTGTCAGAGGTGAAATTCTTGGATCGCCGCAAGACGAACAACTGCGAAAGCATTTGCCAAGGATGTTTTCATTAATCAAGAACGAAAGTTAGGGGATCGAAGACGATCAGATACCGTCGTAGTCTTAACCATAAACTATGCCGACTAGGGATCGGATGATGTTAATTTTTTAATGACTCATTCGGCGCCTTACGGGAAACCAAAGTGTTTGGGTTC,Eukaryota_Obazoa_Opisthokonta_Fungi_Mucoromycota_Glomeromycotina_Diversisporaceae_Diversispora,AMF
CAGCCGCGGTAATTCCAGCTCCAATAGCGTATATTAAAGTTGTTGCAGTTAAAAAGCTCGTAGTCTGAACCTTGGCCCGCGTTGAGCGTCCGTGGCCCTATCAACGGGTCGCGCGCATGCGATACGCGAGCCATGTACTTCGGAGGAACGCGCGTGCTTTTAACTAAGTGCGCGTGGGATTCCGATAGTTTACTTTGAGAAAAATATAGTGTTTAAAGCGGGCATTTTTGCTTGAATACATTAGCATGGAATAATAAAATAGGACGGCATGATTCTATTTTGTTGGTTTCTAGGATCACCGTAATGATTAATAGGGATAGTTGGGGGCATTAGTATTCAATTGTCAGAGGTGAAATTCTTGGATTTATTGAAGACTAACTACTGCGAAAGCATTTGCCAAGGATGTTTTCATTAATCAAGAACGAAAGTTAGGGGATCGAAGACGATCAGATACCGTCGTAGTCTTAACCATAAACTATGCCGACTAGGAATCAGACGATGTTAATTTTTTAATGACTCGTTTGGCACCTTACGGGAAACCAAAGTGTTTGGGTTC,Eukaryota_Obazoa_Opisthokonta_Fungi_Mucoromycota_Glomeromycotina_Glomerales_Glomus,AMF
CAGCCGCGGTAATTCCAGCTCCAATAGCGTATATTAAAGTTGTTGCAGTTAAAAAGCTCGTAGTTGAATTTCGGGATCAGATTGTCGGTCGTGCCTCGGTACGCACTGGCATTATTGGTTCCTACCTTCTGAAGAACCGCGATGTCATTAATTTGGTGTCGTGGGGAATCAGGACTGTTACTTTGAAAAAATTAGAGTGTTTAAAGCAGGCGCACGCTTGAATACATTAGCATGGAATAATGAAATAGGACGTTTGATTCAATTTTGTTGGTTTCTAGGATTGACGTAATGATTAATAGGGATAGTTGGGGGCATTAGTATTCAATTGTCAGAGGTGAAATTCTTGGATTTATTGAAGACTAACTACTGCGAAAGCATTTGCCAAGGATGTTTTCATTAATCAAGAACGAAAGTTAGGGGGTCGAAGACGATCAGATACCGTCGTAGTTCCAACCATAAACGATGCCAACTAGCGATTAGCTGCTGTTAATTAAACGACACAGCTAGCAGCTTCCGGGAAACCAAAGTGTTTGGGTTC,Eukaryota_Obazoa_Opisthokonta_Fungi_Mucoromycota_Glomeromycotina_Glomeraceae_Glomus,AMF
CAGCCGCGGTAATTCCAGCTCCAATAGCGTATATTAGTGTTGTTGCGGTTAAAAAGCTCGTAGTTGAATTTCGGGATTGGGATATATCGGTCATGCCTTTAGGGGCATGAATCGGTGTGTAGCCAATTTCTCACCTTCTGGTGAATTGGGATGCTCTTGGGTGTTTCAATGAACTAGAACTTTTACTTTGAAAAAAATATAGTGTTTAAAGCGGGCATTTTTGCTTGAATACATTAGCATGGAATAATGAAATAGGACGGACTGATTCTATTTCGTTGGTTTCTAGGATCACCGTAATGATTAATAGGGATAGTTGGGGGCATTAGTATTCAATTGTCAGAGGTGAAATTCTTGGATTTATTGAAGACTAACTACTGCGAAAGCATTTGCCAAGGATGTTTTCATTAATCAAGAACGAAAGTTAGGGGATCGAAGACGATCAGATACCGTCGTAGTCTTAACCATAAACTATGCCGACTAGGGATCGGACGAAGTTAATTTTATAATGACGCGTTCGGCACCTTACGGGAAACCAAAGTGTTTGGGTTC,Eukaryota_Obazoa_Opisthokonta_Fungi_Mucoromycota_Glomeromycotina_Claroideoglomeraceae_Claroideoglomus,AMF
CAGCCGCGGTAATTCCAGCTCCAATAGCGTATATTAAAGTTGTTGCAGTTAAAAAGCTCGTAGTTGAATTTTGGGTGGGCGGAGGGGTTATCTATTTGATAGATTCACCTCTCCGCGAGCCTTTGTTCTGAGGAGAGGCATTGTCCTTTGGTGGACAGTGCCGGGAATCAGGAGGATTACCTTGAGACAAATAGAGTGTTTAAAGCAGGCGTTTGCTTGAATACATTAGCATGGAATAATAAGATAGGATTTTGGGCCTATTTTGTTGGTTTGAGGGCCAAAGTCATGATGAATAGGGACAGTTGGGGGCATTCGTATTCCGGAGCTAGAGGTGAAATTCTTGGATTTCCGGACGACGCACTAGTGCGAAAGCATTTGCCAAGGATGTTTTCATTAATCAAGAACGAAAGTTAGGGGATCGAAGACGATCAGATACCGTCGTAGTCCTAACCATAAACTATGCCGACTAGGAATCAGACGATGTTAATTTTTTAATGACTCGTTTGGCACCTTACGGGAAACCAAAGTGTTTGGGTTC,Eukaryota_Obazoa_Opisthokonta_Fungi_Mucoromycota_Glomeromycotina_Glomerales_Glomus,AMF
CAGCCGCGGTAATTCCAGCTCCAATAGCGTATATTAAAGTTGTTGCAGTTAAAAAGCTCGTAGTTGAATTTCGGGGTTAGCAGGTCGGTCGTGCCATTGGTATGAACTGGTCTCGCTGATCCCTCCCTCTTGACGAACTGTGATGCCATTAATTTGGTGTCGCAGGGAATCAGGACTGTTACTTTGAAAAAATTAGAGTGTTTAAAGCAGGCTAACGTCTGAATACATTAGCATGGAATAATGAAATAGGACGGACTGATTCTATTTCGTTGGTTTCTAGGATCACCGTAATGATTAATAGGGATAGTTGGGGGCATTAGTATTCAATTGTCAGAGGTGAAATTCTTGGATTTATTGAAGACTAACTACTGCGAAAGCATTTGCCAAGGATGTTTTCATTAATCAAGAACGAAAGTTAGGGGATCGAAGACGATCAGATACCGTCGTAGTCTTAACCATAAACTATGCCGACTAGGGATCGGGCGAAGTTAATTTTATAATGACGCGCTCGGCACCTCATGGGAAACCAAAGTGTTTGGGTTC,Eukaryota_Obazoa_Opisthokonta_Fungi_Mucoromycota_Glomeromycotina,AMF
