successful_asv,taxonomy,found_in_sterile
AAAACCACTCAAGTAGTTTTGCTTGGTAATGAAAGAAGAGTTTGCTTGCGGATTCCCTTTCGAAATTCAATGGCGGAGAGTCTCATGATTCTGGCGTAGTAATAACTTATTCGCTTGGTCATTGTAACAATCCTGCCCCAAATCCCCAATTCTAGT,k__Fungi_p__Ascomycota_c__Pezizomycetes_o__Pezizales_f__Pyronemataceae_g__Pustularia,TRUE
AATACCACTCAAGCTCTTCTGCTTGGTCATGGAAGAAGAGAATGCTTGCATCCTCTCTTCTGAAATCGAACGGCGGACTGCCTCATGTGCCTCGCGTAGTAAGTTCATCTTTTCGCTTGGAGTGTGAGATAGTCTCGCCATCAACCCCCATACTTCTAA,k__Fungi_p__Ascomycota_c__Pezizomycetes_o__Pezizales_f__Pyronemataceae_g__Wilcoxina_s__rehmii,TRUE
AATACCTCTCAAGCACCATTGCTTGGTCATGGAAGATGAGTATGCTTGCATTCTCCCTTCTGAAATTCAAAGGCGGATCATCTCATATTCCCTGGCGTAGTAAGTGTTTATCTTTCGCTTGGAGTGTCTGACAGTCTTGCCATCGACCCCCATTATTTCAA,k__Fungi_p__Ascomycota_c__Pezizomycetes_o__Pezizales_f__Pyronemataceae_g__Wilcoxina_s__mikolae,TRUE
AAAACCACTCAAGTAGTTTTGCTTGGTCATGAAAGAAGAGTTTGCTTGCGGATTCCCTTTCGAAATTCAATGGCAGAGAGTCTCATGATTCCGGCGTAGTAATAACTTATTCGCTTGGTCATTGTAACAATCTTGCCCCAAACCCCCAATTCTAGT,k__Fungi_p__Ascomycota_c__Pezizomycetes_o__Pezizales_f__Pyronemataceae_g__Pustularia,TRUE
TAACCCTCAAGCTCAGCTTGGCGTTGGGGCCTGCCGTCACCGGCAGCCCTTAAAATCAGTGGCGGTGCCATCTGGCTCTAAGCGTAGTAATTCTTCTCGCTACAGGGCCCCGGTGGATGCTGGCCAACAACCCCTAATTTTCTAT,k__Fungi_p__Ascomycota_c__Leotiomycetes_o__Helotiales_f__Helotiales_fam_Incertae_sedis_g__Leohumicola,TRUE
CAACCATCAAGCCCCCGTGCTTGCGTTGGGGCACCGCGGCCGCCGCGGTCCCTGAAAACCAGTGGCGGGCTCGCTGTCACTCCGGGCGCAGTACTATATCTCGCTCTGGACGTGCGGCGGGTGCCGGCCGTTAAACACCCCTTCATACCAA,k__Fungi_p__Ascomycota_c__Sordariomycetes_o__Sordariales_f__Chaetomiaceae_g__Chaetomiaceae_gen_Incertae_sedis,TRUE
CAACCCTCAAGCACTGCTTGGTGTTGGGGCGTCTGCAGCTCCGGCTGCAGGCCCTGAAAAACAGTGGCGGGCTCGCTATAACTCCGAGCGTAGTAATATATCCTCGCTTTGGAAGTGTAGCGGTTCCCGGCCGTTAAACCCCCCAATTTCTGAA,k__Fungi_p__Ascomycota_c__Sordariomycetes_o__Sordariomycetes_ord_Incertae_sedis_f__Thyridiaceae_g__Thyridium_s__curvatum,TRUE
TAATCTCACTTCAACGACTTTATTGTTGTTTGAATGTGGACTTGGATGTTGCCGTGTCATTACGGCTCGTCTTAAATGCTTGAGTGTACCCTGTTTTGCAGTGTATCCAGTGTAATAAACATTTCACTAGAGTTGGTCGAAAGACCGCATTTGCCATTCGGGCTCTATGCTTCGAACCGTCTACTTTGTGGACAATTTCTTGACAA,k__Fungi_p__Basidiomycota_c__Agaricomycetes_o__Sebacinales_f__Sebacinales_fam_Incertae_sedis_g__Sebacinales_gen_Incertae_sedis,TRUE
TAACCACTCAAGCTCTCGCTTGGTATTGGGGTTCGCGGTTTCGCGGCCCCTAAAATCAGTGGCGGTGCCTGTCGGCTCTACGCGTAGTAATACTCCTCGCGATTGAGTCCGGTAGGTCTACTTGCCAGCAACCCCCAATTTTTACA,k__Fungi_p__Ascomycota_c__Leotiomycetes_o__Helotiales,TRUE
TAATCTCACTTCAACAACTTTATTGTTGTTTGAATGTGGACTTGGATGTTGCCGTGTCATTACGGCTCGTCTTAAATGCTTGAGTGTACCCTGTTTTGCAGTGTATCCAGTGTAATAAACATTTCACTAGAGTTGGTCGAAAGACCGCATTTGCTATTCGGGCTCTATGCTTCGAACCGTCTACTTTGTGGACAACTTCTTGACAA,k__Fungi_p__Basidiomycota_c__Agaricomycetes_o__Sebacinales,TRUE
CAACCATCAAGCCCCCCGTGCTTGCGTTGGGGCACCGCGGCCGCCGCGGTCCCTGAAAACCAGTGGCGGGCTCGCTGTCACTCCGGGCGCAGTACTATATCTCGCTCTGGACGTGCGGCGGGTGCCGGCCGTTAAACACCCCTTCATACCAA,k__Fungi_p__Ascomycota_c__Sordariomycetes_o__Sordariales_f__Chaetomiaceae_g__Chaetomiaceae_gen_Incertae_sedis,TRUE
GTACCCTCAAGCTCTGCTTGGTGTTGGGTGTTTGTCTTTTCCACGCGATCAGACTCGCCTTAAAATAATTGGCAGCCAGTGTTTTGGTTTTGAAGCGCAGCACAAGTCGCGATTCAGCTTATATCACTAGTTTCCATTAAGCAATTTATCAC,k__Fungi_p__Ascomycota_c__Dothideomycetes_o__Pleosporales_f__Phaeosphaeriaceae_g__Paraphoma_s__fimeti,TRUE
CAACCCTCAAGCTCTGCTTGGTCTTGGGTGTCACCTATCATAGGGTGCGCCTCAAAATCAGTGGCGGTGCGGCCCAGCCTCGAGCGTAGTAGTTTGTCTCGCTCTGGAGCCTGGGCGGCATACCTGCCAACAACCCCAACTATACCAAA,k__Fungi_p__Ascomycota,TRUE
TAACCACTCAAGCCTCGGCTTGGTCTTGGGGTTCGCGGTTTCGCGGCCCTTAAAATCAGTGGCGGTGCCGTCTGGCTCTAAGCGTAGTAATTCTCTCGCTATAGGGTCCAGGTGACCACCTGCCATAACCCCCCATTCTTTAC,k__Fungi_p__Ascomycota_c__Leotiomycetes_o__Helotiales_f__Hyaloscyphaceae_g__Hyaloscypha_s__finlandica,TRUE
TAACCACTCAAGCCTCGGTTTGGTCTTGGGGTTCGCGGTTTCGCGGCCCTTAAAATCAGTGGCGGTGCCGTCTGGCTCTAAGCGTAGTAATTCTCTCGCTATAGGGTCCAGGTGACCACCTGCCATAACCCCCCATTCTTTAC,k__Fungi_p__Ascomycota_c__Leotiomycetes_o__Helotiales_f__Hyaloscyphaceae_g__Hyaloscypha_s__finlandica,TRUE
AATACCACTCAAGCTCTTCTGCTTGGTCATGGAAGAAGAGCATGCTTGCATCCTCTCTTCTGAAATCGAACGGCGGACTGCCTCATGTGCCTCGCGTAGTAAGTTCATCTTTTCGCTTGGAGTGTGAGATAGTCTCGCCATCAACCCCCATACTTCTAA,k__Fungi_p__Ascomycota_c__Pezizomycetes_o__Pezizales_f__Pyronemataceae_g__Wilcoxina_s__rehmii,TRUE
TGACCAATCCCGCAAGGGGTCTTGGGGTCCGCGGTTTGCTGCGGCCCTTAAAATCAGTGGCGGCGCCAGCGGTGCTCTCAGCGTAGTAATACTCCTCGCTTGGGAACCACGGTGGATGCTTGCCAGCAACTCAAACTTATATTA,k__Fungi_p__Ascomycota_c__Leotiomycetes_o__Helotiales_f__Tricladiaceae_g__Spirosphaera,TRUE
AAAAATCACTCAAGCTCTTTTGCTTGGTCTTGGAAAGAAGAGTCCGCTGGTTTGTCTCTCTTCCGAAATGTAATGTCGGAAGCCCTCATGCACCTGGCGTAGTAATTAACTATTCGCCTTGGGTCTTGAAACATTCCTGTCAACACACCCAATTTTATCTA,k__Fungi_p__Ascomycota,TRUE
AAATCACATCAAGCAATTTTGCATGGTCATGGAGGAAGAGCCCACCTGGTGTGGACTCCCCGCCGAAATGCAATGGCGGAAAGTCTCCGATACTCGGCGTAGTAGTAACGTTCGCTTTGTGTTCAGAGTCATTCCTGCCAGCAAAACCCCCCACAATTCTTT,k__Fungi_p__Ascomycota_c__Pezizomycetes_o__Pezizales_f__Pyronemataceae_g__Geopora_s__cooperi,TRUE
CAACCATCAAGCCCCAGGCTTGTGTTGGGGCTCTGCGGAGACGCAGACCCCTAAAAGCAGTGGCGGGCTCGCTGTCATCCCGAGCGCAGTATTATATCTTCGCTTTGGGCGTGGCGGCGGGTTCTAGCCGTGAAACCACCTATTTTCTCAA,k__Fungi_p__Ascomycota_c__Sordariomycetes_o__Sordariales_f__Chaetomiaceae_g__Chaetomium,TRUE
AATTCTCAACCTTTTCAACTTTTTCTGTTGATCAGGCTTGGATGTGGGAGTATGCGGGCTTCTCAGAAGTCGGCTCTCCTGAAATGCATTAGCGGGACCTTTGTTGCCTGGCTTTGGTGTGATAATTATCTACGCCATTGTGAAGAGCAGCTTTATAAAGGAGGTTCAGCTTCTAATCGTCTCTTTCGAGACAACTTCTGACA,k__Fungi_p__Basidiomycota_c__Agaricomycetes_o__Agaricales_f__Tricholomataceae_g__Tricholoma_s__triste,TRUE
CCCCCCAACTCAAACTTTTGTTAGTTTGGATTACTTTGAAGGTGTAGCTTGTCAAAGCTGCTTTTCAGAAATTCATAGGCAGTATGGTTATTCCTAGACCAGACGTAATAATAATAAAACCGTCTTTTTGGGAAAGAATTGTGCTTGCCTCAACCCACCCATTATCTTTTTACTT,k__Fungi_p__Ascomycota_c__Pezizomycetes_o__Pezizales_f__Pezizaceae_g__Plicaria,TRUE
TAATCTCACTTCAACAACTTTTTTGTTGTTCGAATGTGGACTTGGATGTTGTCGTGTTCAACGACTCGTCTTAAATGCCTGAGTGTACCCTGCTTTGCAGCGTATCAGTGTGATAAACATCTTCACTGTTAAGTTCCTTGTGAACACGCTCGTGTCGTGGGCTCTATGCTTCGAACCGTCTTTGGACAATCTTTGACAA,k__Fungi_p__Basidiomycota_c__Agaricomycetes_o__Sebacinales_f__Serendipitaceae_g__Serendipita,TRUE
TAACCCTCAAGCTCAGCTTGGCGTTGGGGCCTGCCGTCACCGGCAGCCCTTAAAATCAGTGGCGGTGCCATCTGGCTCTAAGCGTAGTAATTCTTCTCGCTACAGGGCCCCGGTGGATGCTGGCCAACAACCCCCAATTTTTCTAT,k__Fungi_p__Ascomycota_c__Leotiomycetes_o__Helotiales_f__Helotiales_fam_Incertae_sedis_g__Leohumicola,TRUE
CAACCCTCAAGCTCTGCTTGGTGTTGGGGCCCTACGGCTGCCGTAGGCCCTGAAATACAGTGGCGGGCTCGCTACATCTCCGAGCGTAGTAGGACACTATCTCGCTAGGGAGGTGCGGCGTGCTCCGGCCGTTAAAGACCCAATCTTTAACCCAA,k__Fungi_p__Ascomycota_c__Sordariomycetes_o__Coniochaetales_f__Coniochaetaceae_g__Coniochaeta,TRUE
AATTCTCAATCTTTCAGGTTTCTTAATGAAATCAGTCAGACTTGGATATTGGAGGTTAGCAGGCTTCTTAGTCTGCTCCTCTTAAATGCATTAGCGGAACCTAACATTGTCCAATTTTTTGGTGTGATAATTATCTACATCATAATGGGTACAAACTTTTGTAGGGTTCGGCTTCTAACAGTCCATTCACTTGGACAACTCTTGACA,k__Fungi_p__Basidiomycota_c__Agaricomycetes_o__Agaricales_f__Tricholomataceae_g__Cystodermella_s__granulosa,TRUE
CAACCCTCAAGCCTAGCTTGGTATTGGGTGTCACCGGCACGGTGCGCCTTAAAATCAGTGGCGGTGCCATCTGGCTTCAAGCGTAGTAATACTTCTCGCTCTGGATCCCGGGTGGTTACTTGCCAACAACCCCATATTTTTTAA,k__Fungi_p__Ascomycota_c__Leotiomycetes_o__Helotiales_f__Helotiaceae_g__Calyptrozyma,TRUE
TAATCTCACTTCAACAACTTTTGTTGTGGAATGTGGACTTGGATGTTGTCGTGTTCAACGACTCGTCTCAAATGCCTGAGTGTACCCTGCTTTGCAGCGTATCAGTGTGATAAACATCTTCACTGTTAAGTCTTCGGACACGCTTTGTATCGTGGGCTCTATGCTTCGAACCGTCTTTGGACAATCTCTGACAA,k__Fungi_p__Basidiomycota_c__Agaricomycetes_o__Sebacinales_f__Serendipitaceae_g__Serendipita,TRUE
TAATCTCACTTCAACAACTTTTTTGTTGTTCGAATGTGGACTTGGATGTTGTCGTGTTCAACGACTCATCTTAAATGCCTGAGTGTACCCTGCTTTGCGGCGTATCAGTGTGATAAACATCTTCACTGTTAAGTTCCTTGTGAACACGCTCGTGTCGTGGGCTCTATGCTTCGAACCGTCTTTGGACAATCTTTGACAA,k__Fungi_p__Basidiomycota_c__Agaricomycetes_o__Sebacinales_f__Serendipitaceae_g__Serendipita,TRUE
TAATCTCACTTTAACAACTTTTTTGTTGTTGAATGTGGACTTGGATGTTGTCGTGTTAACGACTCGTCTTAAATGCCTGAGTGTACCCTGCTTTGCAGCGTATCAGTGTGATAAACATCTTCACTGTTAAGTCCTTTTGGACACGCTTGTGTTGTGGGCTCTATGCTTCCAACCGTCTTTGGACAATCTCTGACAA,k__Fungi_p__Basidiomycota_c__Agaricomycetes_o__Sebacinales_f__Serendipitaceae_g__Serendipita,TRUE
TAACCATTCAAGCCTCGGCTTGGTCTTGGGGTTCGCGGTTTCGCGGCCCTTAAATTCAGTGGCGGTGCCGTCTGGCTCTAAGCGTAGTAATTCTCTCGCTATAGGGTCCAGGTGACCACCTGCCAGAACCCCCCATTCTTTAC,k__Fungi_p__Ascomycota_c__Leotiomycetes_o__Helotiales_f__Hyaloscyphaceae_g__Hyaloscypha_s__finlandica,TRUE
TAACCCTCAAGCCTAGCTTGGTGTTGGAGCATGCTACCTAGCAGCTCTTAAAATCAGTGGCAGTGCCCTTCGGCCCTAAGCGTAGTAACTTTTCTCGCTACAGAGCCCGGAGGGTCCGCGCCAGAACCCCCAACTTTCTAT,k__Fungi_p__Ascomycota_c__Leotiomycetes_o__Helotiales_f__Hyaloscyphaceae_g__Cistella,TRUE
CAACCCTCAAGCCCTGCTTGGTGTTGGGGCCCTACGGCTGCCGTAGGCCCTGAAAGGAAGTGGCGGGCTCGCTACAACTCCGAGCGTAGTAATTCATTATCTCGCTAGGGACGTTGCGGCGCGCTCCTGCCGTTAAAGACCATCTTTAACTCAA,k__Fungi_p__Ascomycota_c__Sordariomycetes_o__Coniochaetales_f__Coniochaetaceae_g__Coniochaeta,TRUE
TAATCTCACTCCAACACCTTTATTGATGTTGGATGTGGACTTGGATGTTGTCGTGTTCAACGACTCGTCTTAAATGCCTGAGTGTACCCTGCTTTGCAGCGTATCAGTGTGATAAACATCTTCACTGTTAAGTCTTTCGGGACACGCTTGTGTTGTAGGCTCTATGCTTTCCAACCGTCCTCTGGACAATCTCTGACAA,k__Fungi_p__Basidiomycota_c__Agaricomycetes_o__Sebacinales_f__Sebacinales_fam_Incertae_sedis_g__Sebacinales_gen_Incertae_sedis,FALSE
AAAATCACTCAAGCTCTTTTGCTTGGTCTTGGAAAGAAGAGTCCGCTGGTTTGTCTCTCTTCCGAAATGTAATGGCGGAAGCCCTCATGCACCTGGCGTAGTAATTAACTATTCGCCTTGGGTCTTGAAACATTCCTGTCAACACACCCAATTTTATCTA,k__Fungi_p__Ascomycota_c__Pezizomycetes_o__Pezizales,TRUE
TAACCACTCAAGCCTCGGCTTGGTCTTGGGGTTCGCGGTTTCGCGGCCCTTAAAATCAGTGGCGGTGCCGTCTGGCTCTAAGCGTAGTAATTCTCTCGCTATAGGGTCCAGGTGACCACCTGCCATAACCCTCCATTCTTTAC,k__Fungi_p__Ascomycota_c__Leotiomycetes_o__Helotiales_f__Hyaloscyphaceae_g__Hyaloscypha_s__finlandica,TRUE
TAATCTCACTTCAACGACTTTATTGTTGTTTGAATGTGGACTTGGATGTTGCCGTGTCATTACGGCTCGTCTTAAATGCTTGAGTGTACCCTGTTTTGCAGTGTATCCAGTGTAATAAACATTTCACTAGAGTTGGTCGAAAGACCACATTTGCTATTCGGGCTCTATGCTTCGAACCGTCTACTTTGTGGACAATTTCTTGACAA,k__Fungi_p__Basidiomycota_c__Agaricomycetes_o__Sebacinales_f__Serendipitaceae_g__Serendipita_s__herbamans,TRUE
CAACCATTCAAGCCTCGGCTTGGTCTTGGGGTTCGCGGTTTCGCGGCCCTTAAATTCAGTGGCGGTGCCGTCTGGCTCTAAGCGTAGTAATTCTCTCGCTATAGGGTCCAGGTGACCACCTGCCAGAACCCCCCATTCTTTAC,k__Fungi_p__Ascomycota_c__Leotiomycetes_o__Helotiales_f__Hyaloscyphaceae_g__Hyaloscypha_s__finlandica,TRUE
TAATCACTCAAGCCTCGGCTTGGTCTTGGGGTTCGCGGTTTCGCGGCCCTTAAAATCAGTGGCGGTGCCGTCTGGCTCTAAGCGTAGTAATTCTCTCGCTATAGGGTCCAGGTGACCACCTGCCATAACCCCCCATTCTTTAT,k__Fungi_p__Ascomycota_c__Leotiomycetes_o__Helotiales_f__Hyaloscyphaceae_g__Hyaloscypha_s__finlandica,TRUE
TAATCTCACTTCAAATACTTTTGTGTTTGAATGTGGACTTGGATGTTGCCGTGTTATTACGGCTCGTCTCAAATGCTTGAGTGTACCTTGCTTTTGCAATGTATCCGGTGTAATAAACATTTCACCAGAGCCAAGTCGCAAGACTGCATTACAGAGTAAGCTCTATGCTTCAAACCGTCTTTGGACAATCTCTGACAA,k__Fungi_p__Basidiomycota_c__Agaricomycetes_o__Sebacinales_f__Sebacinaceae_g__Sebacinaceae_gen_Incertae_sedis,FALSE
CAACCATTCAAGCCTCGGCTTGGTCTTGGGGTTCGCGGTTTCGCGGCCTTTAAATTCAGTGGCGGTGCCGTCTGGCTCTAAGCGTAGTAATTCTCTCGCTATAGGGTCCAGGTGACCACCTGCCAGAACCCCCCATTCTTTAC,k__Fungi_p__Ascomycota_c__Leotiomycetes_o__Helotiales_f__Hyaloscyphaceae_g__Hyaloscypha_s__finlandica,TRUE
CACCACTCAAGCCTCGCTTGGTATTGGGCAACGCGGTCCGCCGCGTGCCTCAAATCGACCGGCTGGGTCTTCTGTCCCCTAAGCGTTGTGGAAACTATTCGCTAAAGGGTGTTCGGGAGGCTACGCCGTAAAACAACCCCATTTCTAA,k__Fungi_p__Ascomycota_c__Dothideomycetes_o__Capnodiales_f__Cladosporiaceae_g__Cladosporium,TRUE
TAACCACTCAAGCTCTCGCTTGGTATTGGGGTTCGCGGTTTCGCGGCCCCTAAAATCAGTGGCGGTGCCTGTCGGCTCTACGCGTAGTAATACTCCTCGCGATTGAGTCCGGTAGGTCTACTTGCCAGCAACCCCTAATTTTTTTAA,k__Fungi_p__Ascomycota_c__Leotiomycetes_o__Helotiales,TRUE
TAATCTCACTTCAACATCTTTTTGTTTGAATGTGGACCTGGATGTTGCCGTGTAACTATGGCTCATCTCAAATGCCTGAGTGTACCCTGCTTTGCAGCGTATTCGGTGTGATAATTCTTCACCGGTAGTGTCTCTTGTTAGACAGCGCTTGCTTGTGGGCTCTATGCTTCAAACCGTCTCTTGGGACAATCTCTGACAA,k__Fungi_p__Basidiomycota_c__Agaricomycetes_o__Sebacinales_f__Sebacinales_fam_Incertae_sedis_g__Sebacinales_gen_Incertae_sedis,FALSE
TAATCTCACTTCAACAACTTTTGTTGTGGAATGTGGACTTGGATGTTGTCGTGTTCAACGACTCGTCTCAAATGCCTGAGTGTACCCTGCTTTGCAGCGTATCAGTGTGATAAACATCTTCACTGTTAAGTCTTCGGACACGCTTTGTATCGTGGGCTCTATGCTTCGAACTGTCTTCGGACAATCTCTGACAA,k__Fungi_p__Basidiomycota_c__Agaricomycetes_o__Sebacinales_f__Serendipitaceae_g__Serendipita,FALSE
TAATCTCACCTCTTCGGCTTTATTGTCGATCAGTGTGGACTTGGATGTTGCCGTGTAACAAACGGCTCGTCTGAAATGCATGAGTGTACCCTGCTTTGCGGCGTATTCGGTGTGATAAATCTTCACCGGAGTCTGACTTTCGTGTCGCGCTTGTATTGTTGGCTCTATGCTTTCCAACCGTCCTAACAAGACAATCTTTGACAA,k__Fungi_p__Basidiomycota_c__Agaricomycetes_o__Sebacinales_f__Serendipitaceae_g__Serendipita,FALSE
TAATCTCACACCCAAGACTTCTTGTCGAGGGAGGTGGACTTGGACGCTGCCGCTTCACCGCGGCTCGTCTCAAATGTGTTAGCGCGGCTCTAGATGAAGCGTTGATGCCCAGTGTAATAAGATTTCGCTGTGGTTAGCATTAGTCAGAGTTGTTGTGCTTACAACCGTCTTCGGACCGATCCTCGCGATCGTTTGACA,k__Fungi_p__Basidiomycota_c__Agaricomycetes_o__Sebacinales_f__Sebacinaceae_g__Chaetospermum,TRUE
AATTCTCAACCTCACCAGTTTTGTCATGAGACTGTGTAAGGCTTGGATGTGGGGGTTTGTGCAGGCTGCCTCAGTGCGGTCTGCTCCCCTGAAATGCATTAGCGAGTTCAAACTGAGCTCCGTCTATTGGTGTGATAATTATCTACGCCGTGGATGGTTCTTAGACTTGCTTCTAACCGTCTGCAAGGACAACTTTTGACA,k__Fungi_p__Basidiomycota_c__Agaricomycetes_o__Agaricales_f__Psathyrellaceae_g__Coprinellus,FALSE
TAATCTCACTTCAACAACTTTTTTGTTGTTGAACGTGGACTTGGATGTTGTCGTGTTAACGACTCATCTTAAATGCCTGAGTGTACCCTGCTTTGCAGCGTATCAGTGTGATAAACATCTTCACTGTTAAGTCCTTTTGGACACGCTTGTGTTGCGGGCTCTATGCTTCCAACCGTCTTTGGACAATCTCTGACAA,k__Fungi_p__Basidiomycota_c__Agaricomycetes_o__Sebacinales_f__Serendipitaceae_g__Serendipita,TRUE
TAACCACTCAAGCCTCGGCTTGGTCTTGGGGTTCGCGGTCTCGCGGCCCTTAAAATCAGTGGCGGTGCCGTCTGGCTCTAAGCGCAGTAATTCTCTCGCTATAGGGTCCAGGTGGCCACCTGCCAGAACCCCTCATTCTTTAC,k__Fungi_p__Ascomycota_c__Leotiomycetes_o__Helotiales_f__Hyaloscyphaceae_g__Hyaloscypha,FALSE
AACCACTCACGCCTAGCGTGGTATTGGGGCACGCGGTCTCGCGGCCCTCAAAATTAGTGGCGGCGCCGGTGGGCTCTAAGCGTAGTACATACTCCCGCTATAGAGTTCCCCCGGTGGCTCGCCAGAACCTCCAATTTTTTACA,k__Fungi_p__Ascomycota_c__Leotiomycetes_o__Helotiales_f__Mollisiaceae_g__Phialocephala,TRUE
AACCACTCACGCCTAGCGTGGTATTGGGGCACGCGGTCTCCGCGGCCCTCAAAATTAGTGGCGGCGCCGGTGGGCTCTAAGCGTAGTACATACTCCCGCTATAGAGCTCCCCCGGTGGCTCGCCAGAACCCCCAATTTTTACA,k__Fungi_p__Ascomycota_c__Leotiomycetes_o__Helotiales_f__Mollisiaceae_g__Phialocephala_s__helvetica,TRUE
CAACCCTCAAGCCTGGCTTGGTGTTGGGGCCCCACGGCCGCCGTGGGCCCCGAAAGGAAGTGGCGGGCTCGCCGCAGCTCCGAGCGTAGTAGAATCCTATCTCGCTAGGGAGGCGCGGCGCGACCCGGCCGTAAACACCCCGCAAGGGACTTACACAA,k__Fungi_p__Ascomycota_c__Sordariomycetes_o__Coniochaetales_f__Coniochaetaceae_g__Coniochaetaceae_gen_Incertae_sedis,FALSE
CTACCCTAGAGCCCTGCTCTGTGATGGGCCCCGTCCTTGCGGACAGGCCCGAAACCCGTGGGCGCCGTCGTCCGGTCCTGAGCGTAGCAAGAGAAATCCCTCGCTCGGAGCACCGTCCGGTGGCCGCCCCGATCCATTTTTACAA,k__Fungi_p__Ascomycota_c__Dothideomycetes_o__Venturiales_f__Venturiaceae_g__Venturia,TRUE
TAACCACTCAAGCCTCGGCTTGGTCTTGGGGTTCGCGGTTCCGCGGCTCTTAAAATCAGTGGCGGTGCCGTCTGGCTCTAAGCGTAGTAATTCTCTCGCTATAGGGTCCCGGCGGTTACCTGTCAAAACCCCCCCATTTTTTAC,k__Fungi_p__Ascomycota_c__Leotiomycetes_o__Helotiales_f__Hyaloscyphaceae_g__Hyaloscypha,TRUE
CAACCCTCAAGCTCTGCTTGGTGTTGGGCCCCGCCCGCTCACGGCCGGCCCTAAAGACAGTGGCGGCAGCGTCTGGCTCCAAGCGTAGTACAGCTCTCGCTCTGGAGCTAGGCGGTAGCCTGCCAGAACCCCCCTTCTAT,k__Fungi_p__Ascomycota_c__Leotiomycetes_o__Helotiales_f__Myxotrichaceae_g__Oidiodendron_s__chlamydosporicum,TRUE
CAACCCTCAAGCCCCGCTTGGTGATGGGCCCCGCCCGCGGGCGGGCCCGAAACTCGTGGGCGTCGTCGTTCGGCTCCAAGCGTAGCAAAACCCTCGCTTGGGCGCCCGGACGGCGGCCGCCCGGAACGAATTTTTTACAA,k__Fungi_p__Ascomycota_c__Dothideomycetes_o__Venturiales_f__Venturiaceae_g__Sympodiella,TRUE
AATACCACTCAAGCTCTTCTGCTTGGTCATGGAAGAAGAGAATGCTTGCATCCTCTCTTCTGAAATTGAACGGCGGACTGCCTCATGTGCCTCGCGTAGTAAGTTCATCTTTTCGCTTGGAGTGTGAGATAGTCTCGCCATCAACCCCCATACTTCTAA,k__Fungi_p__Ascomycota_c__Pezizomycetes_o__Pezizales_f__Pyronemataceae_g__Wilcoxina_s__rehmii,FALSE
TAACCACTCAAGCCTCGGCTTGGTCTTGGGGTTCGCGGTCTCGCGGCCCTTAAAATCAGTGGCGGTGCCGTCTGGCTCTAAGCGTAGTAATTTTCTCGCTATAGGGTCCAGGCGGCCACCTGCCATAACCCCCCATTCTTTAC,k__Fungi_p__Ascomycota_c__Leotiomycetes_o__Helotiales_f__Hyaloscyphaceae_g__Hyaloscypha_s__finlandica,TRUE
CTGCCCATCAAGCCCGGCTTGTGTGTTGGGTCGACGTCCCCTCCCTCGCGGGGGGGACGGACCCGAAAGGCAGTGGCGGTGCCGCGCCGGTGCTTCGAGCGTATGGGGCTTTGTCACCCGCTCCGGAGGCCTGGCCGGCGCCCGTCGTCCCCACACTATTTTTCTC,k__Fungi_p__Ascomycota_c__Eurotiomycetes_o__Eurotiales_f__Penicillaginaceae_g__Penicillago_s__nodositata,FALSE
CAACCCTCGAACCCCTCCGGGGGGTCGGCGTTGGGGATCGGCCCTCCCTTAGCGGGTGGCCGTCTCCGAAATACAGTGGCGGTCTCGCCGCAGCCTCTCCTGCGCAGTAGTTTGCACACTCGCATCGGGAGCGCGGCGCGTCCACAGCCGTTAAACACCCAACTTCTGAAA,k__Fungi_p__Ascomycota_c__Sordariomycetes_o__Hypocreales_f__Hypocreaceae_g__Trichoderma_s__lixii,TRUE
CTACCCTGGAGCCCTGCTCTGTGATGGGCCCAGTCCTCGCGGACGGGCCTGAAACCTGTGGGCGCCGTCGTCCGGTCCCGAGCGTAGCAAGAGAAATCCCTCGCTCGGAGCATCAGGCGGTGGCCGCCCCGACCCATTTTTACAA,k__Fungi_p__Ascomycota_c__Dothideomycetes_o__Venturiales_f__Venturiaceae_g__Tyrannosorus_s__pinicola,FALSE
AACCACTCACGCCTAGCGTGGTATTGGGGCACGCGGTCTCGCGGCCCTCAAAATTAGTGGCGGCGCCGGTGGGCTCTAAGCGTAGTACATACTCCCGCTATAGAGTTCCCCCGGTGGCTCGCCAGAACCCCCAATTTTTTACA,k__Fungi_p__Ascomycota_c__Leotiomycetes_o__Helotiales_f__Mollisiaceae_g__Phialocephala_s__helvetica,FALSE
TAACCACTCAAGCCTCGGCTTGGTCTTGGGGTTCGCGGTCTCGCGGCCCTTAAAATCAGTGGCGGTGCCGTCTGGCTCTAAGCGTAGTAATTCTCTCGCTATAGGGTCCAGGTGACCACCTGCCATAACCCCCCATTCTTTAC,k__Fungi_p__Ascomycota_c__Leotiomycetes_o__Helotiales_f__Hyaloscyphaceae_g__Hyaloscypha_s__finlandica,FALSE
TAATCTCACTTCAACAACTTTATTGTTGTTTGAATGTGGACTTGGATGTTGCCGTGTCATTACGGCTCGTCTTAAATGCTTGAGTGTACCCTGTTTTGCAGTGTATCCAGTGTAATAAACATTTCACTAGAGTTGGTCGAAAGACCGCATTTGCCATTCGGGCTCTATGCTTCGAACCGTCTACTTTGTGGACAACTTCTTGACAA,k__Fungi_p__Basidiomycota_c__Agaricomycetes_o__Sebacinales_f__Sebacinales_fam_Incertae_sedis_g__Sebacinales_gen_Incertae_sedis,TRUE
GTTAATAAAAATCGGGTGCGTTGCAATTTTTGTGACGTTTCCGGAGTTTGAGTTATCTTAACTTCGGTTTTAAGAGGCTTAAAATTGACCTTTTTTTGTGCATTTTAGACGTACATAAATTTTTTTTATTCGTCCATCCTAATGCCAAAATCTATTAGATGCGACCATATCTTGTGGTTCCGTGTCTATAAATTTTTCATG,k__Fungi_p__Glomeromycota_c__Glomeromycetes_o__Glomerales_f__Glomeraceae_g__Rhizophagus_s__irregularis,TRUE
TAATCTCACTACACCAACTTTTGTTGATGTACGTGGACTTGGATGTTGCCGTGTTACAACGGCTCGTCTGAAATGCCTGAGTGTACCCTGCTTTGCAGCGTATTCGGTGTGATAAATCTTCGCCGAAGTTGACTTTCGGGTCGCGTTTGCTTAACATGGCTCTATGCTTCCAACCGTCTTCACCGACAAAATCTTTGACAA,k__Fungi_p__Basidiomycota_c__Agaricomycetes_o__Sebacinales_f__Serendipitaceae_g__Serendipita,TRUE
TGCATCAAAAGTCACACACAGTGTTGTGGTCATGGCATACGTGGGGCCCGCCTTGTGCAACCCCCACTGAGCTGAAAGTCATAGGCGGATGTCACCTGAGGTCAGCACGTAGTATGTAAAGCAAGTCGTACTGATCGCAGAGTGTGCCTCTTGCCCAGGCCGCCTGGCCGCTTGAAATCTCAATGCA,k__Fungi_p__Ascomycota_c__Pezizomycetes_o__Pezizales_f__Helvellaceae_g__Balsamia_s__latispora,TRUE
CAACCCTCAAGCCCTGCTTGGTGTTGGGGCCCTACGGCTGCCGTAGGCCCTGAAAGGAAGTGGCGGGCTCGCTACAACTCCGAGCGTAGTAATTCATTATCTCGCTAGGGAGGTGCGGCGTGCTCCTGCCGTTAAAGACCCCATCTTTAACCAA,k__Fungi_p__Ascomycota_c__Sordariomycetes_o__Coniochaetales_f__Coniochaetaceae_g__Coniochaeta,FALSE
AACCACTCACGCCTAGCGTGGTATTGGGGCACGCGGTCTCCGCGGCCCTCAAAATGAGTGGCGGCGCCGGTGGGCTCTAAGCGTAGTACATACTCCCGCTATAGAGTTCCCCCGGTGGCTCGCCAGAACCCCCAATTTTTCACA,k__Fungi_p__Ascomycota_c__Leotiomycetes_o__Helotiales_f__Mollisiaceae_g__Phialocephala_s__fortinii,FALSE
AACCACTCACGCCTAGCGTGGTATTGGGGCACGCGGTCTCGCGGCCCTCAAAATTAGTGGCGGCGCCGGTGGGCTCTAAGCGTAGTACATACTCCCGCTATAGAGTTTCTCCGGTGGCTCGCCAGAACCCCCAATTTTTTTTTTTTTATACA,k__Fungi_p__Ascomycota_c__Leotiomycetes_o__Helotiales_f__Mollisiaceae_g__Phialocephala,FALSE
TAATCTCACTACACCAACTTTTGTTGATGTACGTGGACTTGGATGTTGCCGTGTTACAACGGCTCGTCTGAAATGCCTGAGTGTACCCTGCTTTGCAGCGTATTCGGTGTGATAAATCTTCGCCGAAGTTGACTTTCGGGTCGCGTTTGCTTAACATGGCTCTATGCTTCCAACTGTCTTCACCGACAAAATCTTTGACAA,k__Fungi_p__Basidiomycota_c__Agaricomycetes_o__Sebacinales_f__Serendipitaceae_g__Serendipita,FALSE
TATTCTCAACCATTGAACTTGTTTCTCTGGCTTGGATGTGGGGGTTGCGGGCTTCGCAAGAGGTCGGCTCTCCTTAAATGCATTAGTGGAAACCGCTTGCAGGATTCATTCACTTTTTGGCGTGATAGTATCGTCGTCAAAGGTAGTGTCTCCGAGGTATCTGCTTTCTAACCGTCCTTTACGGGGACTCTTAATGACTT,k__Fungi_p__Basidiomycota_c__Agaricomycetes_o__Agaricales_f__Tricholomataceae_g__Mycenella,FALSE
CTGCCCATCAAGCCCGGCTTGTGTGTTGGGTCCACGTCCCCCCGGGGACGGGCCCGAAAGGCAGTGGCGGTGCCGCGCCGGTGCTTCGAGCGTATGGGGCTTTGTCACCCGCTCTGGAGGCCCGGCCGGCGCCCGTCGTCCCCCAACCTTCTCTC,k__Fungi_p__Ascomycota_c__Eurotiomycetes_o__Eurotiales_f__Penicillaginaceae_g__Penicillago_s__nodositata,FALSE
TAACCACTCAAGCCTCGGCTTGGTCTTGGGGTTCGCGGTTTCGCGTCCCTTAAAATCAGTGGCGGTGCCGTCTGGCTCTAAGCGTAGTAATTCTCTCGCTATAGGGTCCAGGTGACCACCTGCCAGAACCCCCCATTCTTTAC,k__Fungi_p__Ascomycota_c__Leotiomycetes_o__Helotiales_f__Hyaloscyphaceae_g__Hyaloscypha_s__finlandica,TRUE
GTACCCTCCAGCCCTGCTGGGTGTTGGGCGTTTGTTCCGCTGCGCGCGTGAACTCGCCTCAAATGCATTGGCAGCCCGCCGTCCCGTGTGGGAGCGCAGCACATTTTGCGCTCTTCACTGCTGACGGTGGCATCCACAAGTCTACCATTTTAC,k__Fungi_p__Ascomycota_c__Dothideomycetes_o__Pleosporales,TRUE
CAACCCTCAAGCTCTGCTTGGTGTTGGGCGTCTTGTCCCGCGATTGCGCGTGGACTCGCCTTAAAATCATCGGCGTTTGCATGTCGGCCTGGAGCGTAGCAAAATTCGCAAAAGGGTCTCGACGTGTGGGCTGCCACAACCCCTCTATTTTTTA,k__Fungi_p__Ascomycota_c__Dothideomycetes_o__Pleosporales,FALSE
TAACCACTCAAGCCTCGGCTTGGTCTTGGGGTTCGCGGTCTCGCGTCCCTTAAAATCAGTGGCGGTGCCGTCTGGCTCTAAGCGTAGTAATTCTCTCGCTATAGGGTCCCGGCGGTTACCTGCCAGAACCCCCCATTTTTTAC,k__Fungi_p__Ascomycota_c__Leotiomycetes_o__Helotiales_f__Hyaloscyphaceae_g__Hyaloscypha,FALSE
TAACCATTCAAGCCTCGGCTTGGTCTTGGGGTTCGCGGTCTCGCGGCCCTTAAAATCAGTGGCGGTGCCGTCTGGCTCTAAGCGTAGTAATTCTCTCGCTATAGGGTCCAGGTGACCACCTGCCATAACCCCCCATTCTTTAC,k__Fungi_p__Ascomycota_c__Leotiomycetes_o__Helotiales_f__Hyaloscyphaceae_g__Hyaloscypha_s__finlandica,FALSE
TAACCACTCAAGCCTCGGCTTGGTCTTGGGGTTCGCGGTTCCGCGGCCCTTAAAATCAGTGGCGGTGCCGTCTGGCTCTAAGCGTAGTAATTCTCTCGCTATAGGGTCCCGGCGGCTACCTGTCAAAACCCCCCCATTTTTTAC,k__Fungi_p__Ascomycota_c__Leotiomycetes_o__Helotiales_f__Hyaloscyphaceae_g__Hyaloscypha,FALSE
CTACCATTCAAGCTTTGCTTGGTTTTGAATATATTGTAGTACTTTAAGTAGTTATACATATTCTAAATATAGACGGCAGCAAGTATAAGTTCTAAGCGTAGCAGTAAAACATTTCGCTTTTGCACTTATATTTTGTTAAACCGAAATAAAGTATATTTACA,k__Fungi_p__Ascomycota_c__Dothideomycetes_o__Mytilinidiales_f__Mytilinidiaceae_g__Mytilinidion,FALSE
AACCACTCACGCCTAGCGTGGTATTGGGGCACGCGGTCTCCGCGGCCCTCAAAATTAGTGGCGGTGCCGGTGGGCTCTAAGCGTAGTACATACTCCCGCTATAGAGTTCCCCCCCGGTGGCTCGCCAGAACCCCCAATTTTTACA,k__Fungi_p__Ascomycota_c__Leotiomycetes_o__Helotiales_f__Mollisiaceae_g__Phialocephala_s__helvetica,FALSE
CAACCCTCAAGCATTGCTTGGTATTGGATGCCACCGCTGTGGTGCATCTCAAAAGTATTGGCGGTGGCATTCAGCTTCTAGCGTAGTAAATCTTCTCGCCTTGGAGTTTGAGTGTCTGACTGCCAGAACCCCTAAATTTATTAAA,k__Fungi_p__Ascomycota_c__Leotiomycetes_o__Helotiales,FALSE
CAACCATCAAGCCCCAGGCTTGTGTTGGGGCCCTGCGGCCGTCCGCAGCCCCTGAAAAGCAGTGGCGGGCTCGCTGTCACACCGAGCGCAGTAGTATATCTTCGCTGGGACGTGATTGCGGGTTCCGGCCGTGAAACACCCCATTTATCAA,k__Fungi_p__Ascomycota_c__Sordariomycetes_o__Sordariales_f__Podosporaceae_g__Podospora,FALSE
CAACCCTCGAGCCCCTCCGGGGGGTCGGCGTTGGGGATCGGCCCCTCACCGGGCCGCCCCCGAAATCCAGTGGCGGTCTCGCCGCAGCCTCTCCTGCGCAGTAGTTTGCACACTCGCACCGGGAGCGCGGCGCGGCCACAGCCGTAAAACACCCAAAACATTCTGAAA,k__Fungi_p__Ascomycota_c__Sordariomycetes_o__Hypocreales_f__Hypocreaceae_g__Trichoderma_s__novae-zelandiae,FALSE
CAACACTCAAGCTCTGCTTGGTATTGGACCGCATCAGTTCTGATCGGTCTTAAAATCAGTGGCGGTGCCATCGTGCTCTAAGCGTAGTAATACTCCTCGCTACAGGGTCTCGGTGCGTGCTTGCCAGCAACCCCCAACTTTCTAA,k__Fungi_p__Ascomycota_c__Leotiomycetes_o__Helotiales_f__Helotiaceae_g__Infundichalara,FALSE
TAACCCTCAAGCTCAGCTTGGCGTTGGGGCCTGCCGTCACCGGCAGCCCTTAAAATCAGTGGCGGTGCCATCTGGCTCTAAGCGTAGTAATTCTTCTCGCTACAGGGCCCCGGTGGATGCTGGCCAACAACGCCTAATTTTCTAT,k__Fungi_p__Ascomycota_c__Leotiomycetes_o__Helotiales_f__Helotiales_fam_Incertae_sedis,FALSE
TAACTACTCAAGCCTCGGCTTGGTCTTGGGGTTCGCGGTTTCGCGGCCCTTAAAATCAGTGGCGGTGCCGTCTGGCTCTAAGCGTAGTAATTCTCTCGCTATAGGGTTCAGGTGACCACCTGCTATAACCCCCCATTCTTTAC,k__Fungi_p__Ascomycota_c__Leotiomycetes_o__Helotiales_f__Hyaloscyphaceae_g__Hyaloscypha_s__finlandica,FALSE
TAATCTCACTTCAACAACTTTATTGTTGTTTGAATGTGGACTTGGATGTTGCCGTGTCATTACGGCTCGTCTTAAATGCTTGAGTGTACCCTGTTTTGCAGTGTATCCAGTGTAATAAACATTTCACTAGAGTTGGTCGAAAGACCGCATTTGCTATTCGGGCTCTATGCTTCGAACCGTCTACTTTGTGGACAATTTCTTGACAA,k__Fungi_p__Basidiomycota_c__Agaricomycetes_o__Sebacinales_f__Serendipitaceae_g__Serendipita_s__herbamans,TRUE
TAAAATCTCAAGCCTAGCTTGGTATTGGGCTATTCGTCCCTAGGGACGGGCCTAAAAGTTAGTGGCGGTGCCATCGAGCCTCAAGCGTAGCAGAAATTCCTCGCTTTGGAGAATCGGTTTTGGTCACTAGCCTTAAACCCCAACTTAAAAGA,k__Fungi_p__Ascomycota_c__Geoglossomycetes_o__Geoglossales_f__Geoglossaceae_g__Sarcoleotia,FALSE
AATTCTCAACCTTGCCAGCTTTTACGAGTCGGCGTAGGCTTGGATGTGGGGGTTGCCGGCTTCTTCAGAGGTCGGCTCTCCTTAAATGCATTAGCGGAACCTTTGTGGACCGTCTCTGGTGTGATAATTATCTACGCCATTGCCGTGAAGCAGCTTTACATGGGGTTCAGCTCATAACCGTCCATTAACTTGGACAACTCTTGACA,k__Fungi_p__Basidiomycota_c__Agaricomycetes_o__Agaricales_f__Tricholomataceae_g__Fayodia_s__gracilipes,FALSE
AACCACTCACGCCTAGCGTGGTATTGGGGCACGCGGTCTCCGCGGCCCTCAAAATGAGTGGCGGCGCCGGTGGGCTCTAAGCGTAGTACATACTCCCGCTATAGAGTTCCCCCGGTGGCTCGCCAGAACCCCCAATTTTTACA,k__Fungi_p__Ascomycota_c__Leotiomycetes_o__Helotiales_f__Mollisiaceae_g__Phialocephala_s__fortinii,FALSE
CAACCCTCAAGCCCCGCTTGGTGATGGGCCCCGCCCGCGGGCGGGCCCGAAACTCGTGGGCGTCGTCGTTCGGCTCCAAGCGTAGCAAAACCCTCGCTTGGGCGCCCGGACGGCGGCCGCCCGGAACGAATCATTCACAA,k__Fungi_p__Ascomycota_c__Dothideomycetes_o__Venturiales_f__Venturiaceae_g__Sympodiella,FALSE
CAACCCTCAAGCCCCGCTTGGTGATGGGCCCCGCCCGCGGGCGGGCCCGAAACTCGTGGGCGTCGTCGTTCGGCTCCAAGCGTAGCAAAACCCTCGCTTGGGCGCCCGGACGGCGGCCGCCCGGAACGAATCATATACAA,k__Fungi_p__Ascomycota_c__Dothideomycetes_o__Venturiales_f__Venturiaceae_g__Sympodiella,TRUE
AACCACTCACGCCTAGCGTGGTATTGGGGCACGCGGTCTCCGCGGCCCTCAAAATTAGTGGCGGTGCCGGTGGGCTCTAAGCGTAGTACATACTCCCGCTACAGAGTTCCCCCCGGTGGCTCGCCAGAACCCCCAATTTTTACA,k__Fungi_p__Ascomycota_c__Leotiomycetes_o__Helotiales_f__Mollisiaceae_g__Phialocephala_s__helvetica,FALSE
CAACCCTCAAGCACTGCTTGGTGTTGGGTCCCTATGGTGAACTGTAGGCCCTGAAATCTAGTGGCGGGCTGGCTAAGGCTCTGAGCGCAGTAGTTTATTCATCGCTTAGGAGGCGTAGCAAGTTCCGGCCGTTAAAAACCCCGTAATAAAA,k__Fungi_p__Ascomycota_c__Sordariomycetes,FALSE
AACCACTCACGCCTAGCGTGGTATTGGGGCACGCGATCTCCGCGGCCCTCAAAATGAGTGGCGGCGCCGGTGGGCTCTAAGCGTAGTACATACTCCCGCTATAGAGTTCCCCCGGTGGCTCGCCAGAACCCCCAATTTTTACA,k__Fungi_p__Ascomycota_c__Leotiomycetes_o__Helotiales_f__Mollisiaceae_g__Phialocephala_s__fortinii,FALSE
AACCACTCACGCCTAGCGTGGTATTGGGGCACGCGGTCTCCGCGGCCCTCAAAATTAGTGGCGGTGCCGGTGGGCTCTAAGCGTAGTACATACTCCCGCTATAGAGTTCCCCCCGGTGGCTCGCCAGAACCCCCAATTTTTACA,k__Fungi_p__Ascomycota_c__Leotiomycetes_o__Helotiales_f__Mollisiaceae_g__Phialocephala_s__helvetica,FALSE
CTGCCCTCAAGCACGGCTTGTGTGTTGGGCGCCGTCCCCCCCGGGGGACGGGCCTGAAAGGCAGCGGCGGCGTCGCGTCCGGTCCTCGAGCGTATGGGGCTCTGTCACTCGCTCTGGAGGCCGGGCCGGTGCCTGCCCACCCCAATCTTTCTCAA,k__Fungi_p__Ascomycota_c__Eurotiomycetes_o__Eurotiales,FALSE
CAACCCTCAAGCCCCCGGGCTTGGTGTTGGGGATCGGCGTGCCCTCGCGGCGCGCCGTCCCCTAAATCTAGTGGCGGTCTCGCTGTAGCTTCCTCTGCGTAGTAGCAACACTCGCTCTGGATCGCAGCGCGGCCACGCCGTTAAACCCCCCACTTCTGAAA,k__Fungi_p__Ascomycota_c__Sordariomycetes_o__Hypocreales_f__Nectriaceae_g__Nectria_s__ramulariae,FALSE
CTACCCTGGAGCACTGCTCTGTGATGGACGGAGGCCCCAACGGGCCCCTCCGAAACTATTGGGCGCCGTCGTCCGGTCCCGAGCGTAGCAAGAGAAATCCCTCGCTCGGAACTCCGGTCGGTGGCCGCCCCGAACCATTTTTACAA,k__Fungi_p__Ascomycota_c__Dothideomycetes_o__Venturiales_f__Venturiaceae_g__Venturia,FALSE
GCACTCTCACATCTAACCTTTGGGTTAAAATGTGGAATTGGGATGCGCCGGTTATTATAACGGCCCTCCTAAAATTCAGTTCTTGGCTGCTTCCTACTACAGCAGTTTGGCCTAATAGTTTTGAGTCTTCGATTCAAATCTTTGGCTAACATTTGCTTCAGGATGTCAGTCTTGATATACAGAAATCTCATTCAAA,k__Fungi_p__Mucoromycota_c__Umbelopsidomycetes_o__Umbelopsidales_f__Umbelopsidaceae_g__Umbelopsis_s__isabellina,FALSE
GTACCCTCAAGCTTTGCTTGGTGTTGGGTGTTTGTCTTTTCCACGCGATTAGACTCGCCTTAAAATAATTGGCAGCCAGTGTTTTGGTTTTGAAGCGCAGCACAAGTCGCGGTTCAGCTTATATCACTAGCTTCCATTAAGCATTTTTTCAC,k__Fungi_p__Ascomycota_c__Dothideomycetes_o__Pleosporales_f__Phaeosphaeriaceae_g__Paraphoma_s__fimeti,FALSE
ACAAACAATCAAGCCTTGCTTGGTGTTGGGGATCGGCCTCTTCCTTCGGGGAGAGGCCTTCCCGAAACTCATGGGCGCCGCCTTCCGGCTCCGAGCGTAGCAAGCGAAAGCCCTCGCTTCGGATCGTTTGGTCGGTGGTCGCCGGTAAACCTTTGGGGGGGAAACCTCCTAAAACTTATCACAG,k__Fungi_p__Ascomycota_c__Dothideomycetes_o__Phaeotrichales_f__Phaeotrichaceae_g__Phaeotrichum_s__benjaminii,FALSE
TTAATAAAAATCGGTGCGTTGCAAATTTTTGTGACGTTTCCGGAGTTTGAGTTATCTTAACTTCGGTTTTTAAGAGGCTTAAAATTGACCTTTTTTTGTGCATTTTAGACGTACATAAATTTATTTTATTCGTCCATCCTAATGCCAAAATCTATTAGATGCGACCATATCTTGTGGTCCCGTGTCTATAAATTTTTCATG,k__Fungi_p__Glomeromycota_c__Glomeromycetes_o__Glomerales_f__Glomeraceae_g__Rhizophagus_s__irregularis,FALSE
TCACCATCGAGCCCTGCTCGGCGATGAGCATCGTCCTCGCGGACGGGCTCGAAACCCGTGGGCGCCATCGTCCGGCCCTGAGCGTAGCAAGAGAAATCCCTCGCTCGGTGGACCGTCCGGTGGCCGCCCTGACAACTTTTTACAA,k__Fungi_p__Ascomycota_c__Dothideomycetes_o__Venturiales_f__Venturiaceae_g__Venturia,FALSE
AATCCTCAACCCCTCCCTTGCGGGTGTGGCTTGGACTTGGAGCGTGCTGGCGAAGGTCGGCTCCTCTTTAAATGCATCAGCGGAAAGCTTTTCTGGCCGTTCGGCGTGATAACACTGTTGCGCCGTGGAAGCCTCTGTAAAGGCCTCGCTTACAATCGTCTTCGGACAAACGACATCTCAGTCAAATCCA,k__Fungi_p__Basidiomycota_c__Agaricomycetes_o__Atheliales_f__Tylosporaceae_g__Amphinema_s__diadema,FALSE
CAACCTCAAGCTCTGCTTGGTATTGGGCGTCACTCTTTGTGGTGCGCCTCAAAATCAGTGGCGGTGCCACCTGGCTCCTAGCGTAGTAAAACTTTCTCGCTATAGAGTTCGGGTGTTTGCTTGCCAGCAACCCTTATTTTTTATA,k__Fungi_p__Ascomycota_c__Leotiomycetes_o__Helotiales,FALSE
TAACCACTCAAGCTCTCGCTTGGTATTGGGGTTCGCGGTTTCGCGGCCCCTAAAATCAGTGGCGGTGCCTGTCGGCTCTACGCGTAGTAATACTCCTCGCGATTGAGTCCGGTAGGTCTACTTGCCAGCAACCCCTAATTTTTTAA,k__Fungi_p__Ascomycota_c__Leotiomycetes_o__Helotiales,FALSE
AAATCTCAACCCCGCTGGGTTTATGACCTGGTTGTGGGATTGGATCGTGACTGTTGCTGGCCTTTACGGTCCGGCTCGGTCGAAATGCATGAGCGGCTGATTCCCTGTCCGGCCTGACTCGGCGTGATAATGAAATATCGCCGATTACGGACTGGGTCAAAGGCCACTTCCAACGACCTTTCTAA,k__Fungi_p__Basidiomycota_c__Tritirachiomycetes_o__Tritirachiales_f__Tritirachiaceae_g__Tritirachiaceae_gen_Incertae_sedis,FALSE
CAACCGTCAAGCACTGCTTGGTGTTGGGTCCCTATAGTGAACTGTAGGCCCTAAAATCTAGTGGCGGGCTGGCTAAGGCTCTGAGCGCAGTAGTTTATTCGTCGCTTAGGAGGCGTAGCAAGTTCCGGCCGTTAAAACCGCCATAAAAAAA,k__Fungi_p__Ascomycota,FALSE
CAACCCTCAAGCTCTGCTTGGTGTTGGGGCCCTACGGCTGCCGTAGGCCCTGAAAGGAAGTGGCGGGCTCGCTACAACTCCGAGCGTAGTAATTCATTATCTCGCTAGGGAGGTGCGGCGTGCTCCTGCCGTTAAAGACCCCATCTTTAACCAA,k__Fungi_p__Ascomycota_c__Sordariomycetes_o__Coniochaetales_f__Coniochaetaceae_g__Coniochaeta,FALSE
CTACCCTAGAGCCCTGCTCTGTGATGGGCCCCGTCCTCGCGGACGGGCCCGAAACCCGTGGGCGCCGTCGTCCGGCCCTGAGCGTAGCAAGAGAAATCCCTCGCTCGGAGTGTCTGACGGTGGCCGCCCCGACCTATTTTTTACAA,k__Fungi_p__Ascomycota_c__Dothideomycetes_o__Venturiales_f__Venturiaceae_g__Venturia,FALSE
CAACCCTCAAGCCCTGCTTGGTGTTGGGGCACTACGCGCGAGCGTAGGCCCTCAAAATCAGTGGCGGACCCGCTGGAGGTCCGGGCGTAGTAATACATCTCGCCCGAGGTCCCCAGCGTGCCCCTGCCGTTAAACCCCCAAATTTACAGAA,k__Fungi_p__Ascomycota_c__Sordariomycetes_o__Sordariales_f__Cephalothecaceae_g__Phialemonium_s__inflatum,TRUE
CCCCAAATCTCAAGCACTGCTTGGTGATGGGCGCTTGTCCCGCCTTCTGTGCGCGGACTCGCCTTAAAATCATTGGTGGCCGGCTTCAATTTTCCGCACGCAGCACACCGCGCGGGGGAAAGAGAGAGCGCCTGGCGTCCCCAAAGGAACCCCCAA,k__Fungi_p__Ascomycota_c__Dothideomycetes_o__Pleosporales,FALSE
CACCTCTCAAGCGCAGCTTGGTGTTGGGTTGTTGTCCTCCGCGTATCGCGGCGGGACTCGCCTGAAAAGCATCGGCGTCCGGCGGTTGGTCTTGCGCGTAGCAGATTGTTCGCACAAGGACCAGGCCGCGGGGCTGCCGCATACGTCTTTGATTCTTA,k__Fungi_p__Ascomycota_c__Dothideomycetes_o__Pleosporales_f__Delitschiaceae_g__Delitschiaceae_gen_Incertae_sedis,FALSE
TAACCACTCAAGCCTCGGCTTGGTCTTGGGGTTCCGCGGTCTCTCGCGGCCCTTAAAATCAGTGGCGGTGCCATCTGGCTCTAAGCGTAGTAATTTTCTCGCTATAGGGTCCCGGTGGTCTCCTGCCAGAACCCCCCATTTTTTTAC,k__Fungi_p__Ascomycota_c__Leotiomycetes_o__Helotiales_f__Hyaloscyphaceae_g__Hyaloscypha,TRUE
TAACCACTCAAGCCTCGGCTTGGTCTTGGGGTTCGCGGTTTCGCGGCCCCTAAAATCAGTGGCGGTGCCGTCTGGCTCTAAGCGTAGTAATTCTCTCGTTATAGGGTTCAGGTGACCACCTGCCATAACCCCCCATTCTTTAC,k__Fungi_p__Ascomycota_c__Leotiomycetes_o__Helotiales_f__Hyaloscyphaceae_g__Hyaloscypha_s__finlandica,FALSE
CTACCCTGGAGCCCTGCTCTGTGATGGGCCCCGTCCCCGCGGACGGGCCCGAAACCCGTGGGCGCCGTCGTCCGGTCCCGAGCGTAGCAAGAGAAATCCCTCGCTCGGAGCGCCAGGCGGTGGCCGCCCCGACCCATTTTTACAA,k__Fungi_p__Ascomycota_c__Dothideomycetes_o__Venturiales_f__Venturiaceae,FALSE
AATCATCAACCCCCGCATTTGTTTGTGGGTGGCTTGGAGTTGGGGGTTCATTGCCGGTCGCGTCAAGCGGTCGGCTCCCCTTGAATGCATTAGCTGGGCGCCACGGCACGGCGGTTCACGGTGTGATAATTATCTACACCCATGGGACCTCGAGTCGGTCGAGCTTCTAATCGTCCTCGGACAACCTTTTGAA,k__Fungi_p__Basidiomycota_c__Agaricomycetes_o__Hymenochaetales,FALSE
CACCCCTCAAGCTATGCTTGGTGTTGGGCGTTGTCCCGCCTCCGGCGCGGACTCGCCTTAAAATCATTGGCGGCCTGTGTATTTGGGCTACGAGCGCAGCAGATTCGCGCCTCGACCCGCGTCACTGGCATCCAGTAAGCGAAAACCATAG,k__Fungi_p__Ascomycota_c__Dothideomycetes_o__Pleosporales_f__Didymellaceae_g__Phoma,FALSE
TAACCACTCAAGCCTCGGCTTGGTCTTGGGGTTCGCGGTTTCGCGGCCCTTAAAATCAGTGGCGGTGCCGTCTGGCTCTAAGCGTAGTAATTCTCTCGCTATAGGGTTCAGGTGACCACCTGCCATAACCCCCCATTCTTTAC,k__Fungi_p__Ascomycota_c__Leotiomycetes_o__Helotiales_f__Hyaloscyphaceae_g__Hyaloscypha_s__finlandica,FALSE
CAACCCTCAAGCCCTAGTTGCTTGGTGTTGGGAGCTTATCCTGCCGCAAGGCGGGACAACTCCTTAAATTTATTGGCGGAGTCGCGGTAATCCCGAGCGTAGTAAATTATTTTTCCTCGCTCTAGGTGTTAACGCTGGCTTTCTAGCCGTTAAACCCCCTAATTCTTTAGT,k__Fungi_p__Ascomycota_c__Sordariomycetes_o__Xylariales_f__Diatrypaceae_g__Monosporascus,FALSE
AACCACTCACGCCTAGCGTGGTATTGGGGCACGCGGTCTCGCGGCCCTCAAAATTAGTGGCGGCGCCGGTGGGCTCTAAGCGTAGTACATACTCCCGCTATAGAGTTTCTCCGGTGGCTCGCCAGAACCCCCAATTTTTTTTACA,k__Fungi_p__Ascomycota_c__Leotiomycetes_o__Helotiales_f__Mollisiaceae_g__Phialocephala,FALSE
TAACCACTCAAGCCTCGGCTTGGTCTTGGGGTTCGCGGTCTCGCGGCCCTTAAAATCAGTGGCGGTGCCGTCTGACTCTAAGCGTAGTAATTCTCTCGCTATAGGGTCCCGGCGGTTACCTGCCAGAACCCCCCATTTTTTAC,k__Fungi_p__Ascomycota_c__Leotiomycetes_o__Helotiales_f__Hyaloscyphaceae_g__Hyaloscypha,FALSE
CAACCCTCAAGCCCAAGCTTGGTATTGGATGTCACTTATCTGGTGCATCTCAAAAGTAGTGGCGGTGCCATCCAGCTTCAAGCGTAGTAAATTTCTCGCTCCTGGAGTTTGGGTGCTGTGCCTGCCAGAACCCCTAAACTATCAAA,k__Fungi_p__Ascomycota_c__Leotiomycetes_o__Helotiales,TRUE
CAACCATCAAGCCCTAGGCTTGTGTTGGAGCCCTGCGGCCGCCCGCAGCCTCCTAAAAGCAGTGGCAGGCTCGCTATCACACCGAGTGCAGTAGTTTACTCTTCGCTCAGGGCGTGTGGCGGGTTCTAGCCGTTAAAACCCCTACTTCTCAA,k__Fungi_p__Ascomycota_c__Sordariomycetes_o__Sordariales,FALSE
TAACCACTCAAGCCTCGGCTTGGTCTTGGGGTTCGCGGTCTCGCGGCCCTTAAAATCAGTGGCGGTGCCGTCTGGCTCTAAGCGTAGTAATTCTCTCGCTATAGGGTCCAGGTGACCACCTGCCATAACCCCCCATTCTTTAT,k__Fungi_p__Ascomycota_c__Leotiomycetes_o__Helotiales_f__Hyaloscyphaceae_g__Hyaloscypha_s__finlandica,FALSE
AAACCACTCAAGCACATTTTGCTTGGTTATGGGAGAAGAGGTTACTCTGTGGCCTCCCTTCCGAAATTCAATGGCGGATTGCTGTACGTACCCTGGTGTAGTAATAACTTATTCGCTGGAATACGTCTACAGTCCTGCCCCTAACCCCCAATTCTTTCT,k__Fungi_p__Ascomycota_c__Pezizomycetes_o__Pezizales,FALSE
TAACCCTCAAGCCTAGCTTGGTGTTGGAGCATGCTATCTAGCAGCCCTTAAAATCAGTGGCAGTGCCCTTCGGCTCTAAGCGTAGTAACTTTTCTCGCTATAGACACCGGGTGGTACGCGCCAAAACCCCCAACTTTCTAT,k__Fungi_p__Ascomycota_c__Leotiomycetes_o__Helotiales_f__Hyaloscyphaceae,TRUE
AAATAAAAATCGGGGTTGTCGCTGCCTTTCGTGGTGACGCTTCGGAATTGGGCCGTCTTTACCTTTCGGTTAAGTGACCTAAAAGTTTTACGTGATTTTTCAACGTGTTTAAATTTTTTTATACGCGTTTGTAACAATCAAGTATTAGATGTGGTCATTCTCATGATTTCGCGTCTATAATT,k__Fungi_p__Glomeromycota_c__Glomeromycetes_o__Glomerales_f__Glomeraceae_g__Dominikia,FALSE
AACCACTCACGCCTAGCGTGGTATTGGGGCACGCGGTCTCGCGGCCCTCAAAATCAGTGGCGGCGCCGGTGGGCTCTAAGCGTAGTACATACTCCCGCTATAGAGTTCCCCCGGTGGCTCGCCAGAACCCCCAATCTTTTACA,k__Fungi_p__Ascomycota_c__Leotiomycetes_o__Helotiales_f__Mollisiaceae_g__Phialocephala_s__fortinii,FALSE
TAACCACTCAAGCCTCGGCTTGGTCTTGGGGTTCGCGGTCTCGCGGCCCTTAAAATCAGTGGCGGTGCCGTCTGGCTCTAAGCGTAGTAATTCTCTCGCTATAGGGTCCAGGCGACCACCTGCCATAACCCCCCATTTTTTAC,k__Fungi_p__Ascomycota_c__Leotiomycetes_o__Helotiales_f__Hyaloscyphaceae_g__Hyaloscypha,FALSE
GCACTCTCACACCTAACCTTTGGGGATAAAGTGTGGAATTGGGATGCGCCAGTTTGTTAAAAGCTGGCCCTCTTAAAATTCAGTTCATGACTGTTTTCAATATGAGCAGTTTGGCCTAATAGTTTTGGCTCTTTTGTCAAATCTTTGGCTTCATTCGCTTCTGAAAATCAGTCTTGATATACAGAAAACTCATTCAAA,k__Fungi_p__Mucoromycota_c__Umbelopsidomycetes_o__Umbelopsidales_f__Umbelopsidaceae_g__Umbelopsis_s__autotrophica,FALSE
AAAAAACCACTCAAGCTCCTTTGCTTGGTTTTGGAAAAGAAGAGTCTGCGGTTTCTCTCTCTTCCGAAATGTAATGGCGGAAGCCCTCATGTACCTGGCGTAGTAATAACTGTTCGCCTTGGGTCTTGAAACATTCCTGCTGTCAACCACCCCCAAATTTTTCTA,k__Fungi_p__Ascomycota_c__Pezizomycetes_o__Pezizales_f__Pyronemataceae,FALSE
GAATATCTCGCTCCTCTTAGGGGGAGTGGACTTGGACCGTGCTGTCGACTCGTCGACGGCTCGTCTCGAAATGCATTAGCCTGCAGAGTTTCGCTTGGCCGCTGGTGTGATAATTGTCTACGCCGTTGCGCCGAACGAGCCGCTCTGGGCTCACAGTGACCTATTCTTTAACG,k__Fungi_p__Basidiomycota_c__Agaricomycetes_o__Auriculariales_f__Hyaloriaceae_g__Protodontia,FALSE
CACCACTCAAGCCTCGCTTGGTATTGGGCAACGCGGTCCGCCGCGTGCCTCAAATCGTCCGGCTGGGTCTTCTGTCCCCTAAGCGTTGTGGAAACTATTCGCTAAAGGGTGTTCGGGAGGCTACGCCGTAAAACAACCCCATTTCTAA,k__Fungi_p__Ascomycota_c__Dothideomycetes_o__Capnodiales_f__Cladosporiaceae_g__Cladosporium,TRUE
CAACCCTCAAGCATTGCTTGGTATTGGATGCCACTGCTGTGGTGCATCTCAAAAGTATTGGCGGTGGCATTCAGCTTCTAGCGTAGTAAATCTTCTCGCCTTGGAGTTTGAGTGTCTGACTGCCAGAACCCCTAAATTTATCAAA,k__Fungi_p__Ascomycota_c__Leotiomycetes_o__Helotiales_f__Leotiaceae_g__Pezoloma,FALSE
CAACCCTCGAACCCCTCCGGGGGGTCGGCGTTGGGGATCGGCCCTTCACGGGGCCGGCCCCGAAATACAGTGGCGGTCTCGCCGCAGCCTCTCCTGCGCAGTAGTTTGCACACTCGCATCGGGAGCGCGGCGCGTCCATTGCCGTAAAACACCCAACTTTCTGAAA,k__Fungi_p__Ascomycota_c__Sordariomycetes_o__Hypocreales_f__Hypocreaceae_g__Trichoderma_s__spirale,TRUE
CAACACTCAAGCTCTGCTTGGTATTGGACCGCATCAGTTCTGATCGGTCTTAAAATCAGTGGCGGTGCCATCGTGCTCTAAGCGTAGTAATACTCCTCGCTACAGGGTCCCGGTGCGTGCTTGCCAACAACCCCCCAACTTTCAA,k__Fungi_p__Ascomycota_c__Leotiomycetes_o__Helotiales_f__Helotiaceae_g__Infundichalara,FALSE
CAACCATCAAGCATTGCTTGGTGTTGGGCTCCGCTGCTCACCCAGCGGGCCTTAAAATCAGTGGCGGTGCCGTCGGGCCCTGAGCGTAGTAAATCTTCTTGCTACAGGGACCCGGCGGACGCTGGCCATCAACCCCTTACTTTCTAA,k__Fungi_p__Ascomycota_c__Leotiomycetes_o__Helotiales_f__Hyaloscyphaceae_g__Glutinomyces,FALSE
AATTCTCAACCTCACCAGTTTTGTCATGAGACTGTGTAAGGCTTGGATGTGGGGGTTTGTGCAGGCTGCCTCAGTGCGGTCTGCTCCCCTGAAATGCATTAGCGAGTTCAAACTGAGCTCCGTCTATTGGTGTGATAATTATCTACGCCGTGGATGGTTCTTAGACTTGCTTCTAACCGTCCGCAAGGACAACTTTTGACA,k__Fungi_p__Basidiomycota_c__Agaricomycetes_o__Agaricales_f__Psathyrellaceae_g__Coprinellus,FALSE
GCACTCTCACAACTAACCTTTGGGTAAAATTGTGGAATTGGAATGCGCTGATTGTTATAACCAGCCCTTCTAAAATATATTTCATGACTGTCACCTAACACAGCAGTTTGGCCTAATAGTTTTGACATTGATTTGTCAAATCTTTGGCTTACATTTGCTTCAGGTTGTCAGTTTTGATAATACAGAAACTCATTCAAA,k__Fungi_p__Mucoromycota_c__Umbelopsidomycetes_o__Umbelopsidales_f__Umbelopsidaceae_g__Umbelopsis_s__changbaiensis,FALSE
CTGCCCTCAAGCCCGGCTTGTGTGTTGGGTCTCGTCCCCCTTCCCGGGGGGACGGACCCGAAAGGCAGCGGCGGCACCGCGTCCGGTCCTCGAGCGTATGGGGCTTTGTCACCCGCTCTGTAGGCCCGGCCGGCGCTTGCCGATCAACCAAAACTTTTTTCCA,k__Fungi_p__Ascomycota_c__Eurotiomycetes_o__Eurotiales_f__Aspergillaceae_g__Penicillium_s__canescens,FALSE
CAACCCTTAAGCCTAGTTGCTTAGTGTTGGGAATCTGCCCTGTATTTATAGGGCAGTTCCTTAAAGTGATTGGCGGAGTTAGGGCATACTCTAAGCGTAGTAATATTCTTCTCGCTTCTGTAGTTGTCCTGGCGGCTTGCCGTTAAACCCTTATATTTCTAGT,k__Fungi_p__Ascomycota_c__Sordariomycetes_o__Xylariales_f__Hypoxylaceae_g__Daldinia_s__loculata,FALSE
CAACCCTCAAGCCCAGCTTGGTATTGGGTGTCACCTGGCAATGGTGCACCTTAAAATCAGTAGTGGTGCTATCTGGCTTCAAGCGTAGTAAAACAATCGCTTTGGAGGTTTGGATATGTTGCTTGCTATCAACCCCTAATTTATTCAAA,k__Fungi_p__Ascomycota_c__Leotiomycetes_o__Helotiales_f__Tympanidaceae_g__Tympanidaceae_gen_Incertae_sedis,TRUE
GCACTCTCACAACTAACCTTTGCTGGTTAAATCGTGGAATTGGGATGCGCCAGTTGTTATTGATTGGCCCTCCTAAAATGTAGCTCTTGACTGTGGACTACTACAGTAGTTTGGCCTAATAGTTTTGGCACTTGTCAAATCTTTGGCTACATTTACTTTGGTCCATGCAGTCTTGATATACAGAAAACTCTAATACAA,k__Fungi_p__Mucoromycota_c__Umbelopsidomycetes_o__Umbelopsidales_f__Umbelopsidaceae_g__Umbelopsis,TRUE
CAACCCTCGAACCCCTCCGGGGGGTCGGCGTTGGGGATCGGCCCTTTACGGGGCCGGCCCCGAAATACAGTGGCGGTCTCGCCGCAGCCTCTCCTGCGCAGTAGTTTGCACACTCGCATCGGGAGCGCGGCGCGTCCACAGCCGTTAAACACCCCAAACTTCTGAAA,k__Fungi_p__Ascomycota_c__Sordariomycetes_o__Hypocreales_f__Hypocreaceae_g__Trichoderma_s__virens,FALSE
AAATAAAAATCGGGGTTGTTGCTGCCTTTCGTGGTGACGCTTCGGAATTGGGTCGTCTTTGCCTTTCGGTTAAGTGACCTAAAATTTTACGTGATTTTTCAACGTGTTTAAATTTTTTTACACGCGTTTGTAACATCAAGTATTAGATGTGGTCATTCTCATGATTTCGCGTCTATAATT,k__Fungi_p__Glomeromycota_c__Glomeromycetes_o__Glomerales_f__Glomeraceae_g__Dominikia,FALSE
CAACCCTCAAGCTCTGCTTGGTATTGGGCTCCGCCGGTCCCGGCGGGCCTTAAAATCAGTGGCGGCGCCACTCGGCTTCAAGCGTAGTAATTCTTCTCGCTTCGGAGACCCGGGTGTGTGCTAGCCAGCAACCCCCAATTTTTTCA,k__Fungi_p__Ascomycota_c__Leotiomycetes_o__Thelebolales_f__Pseudeurotiaceae_g__Pseudeurotium,FALSE
TAACCACTCAAGCCTCGGCTTGGTCTTGGGGCTCGCGGTCTCGCGGCCCTTAAAATCAGTGGCGGTGCCGTCTGGCTCTAAGCGTAGTAATTTTCTCGCTATAGGGTCCAGGCGACCACCTGCCAGAACCCCCCATTCTTTAC,k__Fungi_p__Ascomycota_c__Leotiomycetes_o__Helotiales_f__Hyaloscyphaceae_g__Hyaloscypha,FALSE
CAACCCTCGCGCCGTCCCTCCAGGGGGCTCGGCGCGGTGTTGGGGGACACGGCCCCGGCCGCCCCCGAAATGCAGTGGCGACCCCGCCGCGGCCCCTCCAGCGCAGTAAGCACGCTCGCTACGGGAGGCCCGGTGGACGCGTCCGCCGTAAAACGCCCAACTCTTCAGA,k__Fungi_p__Ascomycota_c__Sordariomycetes_o__Hypocreales_f__Ophiocordycipitaceae_g__Hirsutella,FALSE
AATTCTCAACCTTTCCAGCTTTTGCGAGCTTGGTCAGGCTTGGATGTGGGGGTTGCGGGCTTCTCAGAAGTCGGCTCTCCTTAAATGCATTAGCGAAACCTTTGTTGACCATCTCCTGGTGTGATAATTATCTACGCCACTAGAATGTCAGCCTCAACTTGTTGAGAGGCTCTGCTTCTAATCGTCCTTCAGGACAACTCTGACA,k__Fungi_p__Basidiomycota_c__Agaricomycetes_o__Agaricales_f__Lyophyllaceae_g__Tephrocybe_s__ambusta,FALSE
GCACTCTCACAACTAACCTTTGCTGGTTAAATTGTGGAATTGGGATGCGCCAATTGTTATTGATTGGCCCTCCTAAAATGTAGCTCTTGACTGTGGACTACTACAGTAGTTTGGCCTAATAGTTTTGGCACTTGTCAAATCTTTGGCTACATTTACTTTGGTCCATGCAGTCTTGATATACAGAAAACTCTAATAAAA,k__Fungi_p__Mucoromycota_c__Umbelopsidomycetes_o__Umbelopsidales_f__Umbelopsidaceae_g__Umbelopsis,FALSE
AAACCAATCCAGCTTGCTGGGCCTTGGGCTCTCGCCTCCGGGCGGGCCTTAAAATCAGTGGCGGCGCCATCCGGCTCTACGCGCAGTACATCTCCTCGCTACAGAGCTCCGGGTGGAGGCTGGCCAACCAACCCCCCATTCTATAA,k__Fungi_p__Ascomycota_c__Leotiomycetes_o__Helotiales_f__Helotiaceae_g__Glarea,FALSE
CAACACTCAAGCTCTGCTTGGTATTGGACCGCACCGGTAACACGGTCGGTCTTAAAATCAGTGGCGGCGCCACCTGGCTCTAAGCGTAGTAATACTCCTCGCTATAGAGTCCCGGTGGATGCTTGCCAGCAACCCCCAACTTTCTAA,k__Fungi_p__Ascomycota_c__Leotiomycetes_o__Helotiales_f__Hamatocanthoscyphaceae_g__Xenopolyscytalum,FALSE
GTACCTTCAAGCTTTGCTTGGTGTTGGGTGTTTGTCTCGCCTTTGCGTGTAGACTCGCCTTAAAACAATTGGCAGCCGGCGTATTGATTTCGGAGCGCAGTACATCTCGCGCTTTGTACTCATAACGACGACATCCAAAAGTCATTTTTTACAC,k__Fungi_p__Ascomycota_c__Dothideomycetes_o__Pleosporales_f__Didymellaceae_g__Vandijckomycella_s__snoekiae,FALSE
AGACTCAACCCCTCGGGTTTCCGAGTAGGTTGGATGTGGGTGTTGCCTGTCTCTGGCTCGCCTTAAAGAACTTAGTGGGGATAGCATCCTAGTCGACGTAATAAGTTTCGTCGGTGATGGTGTGAAGCCTGCTCATAACTGCCCTTGGGCACCTTTTGA,k__Fungi_p__Basidiomycota_c__Tremellomycetes_o__Tremellales_f__Trimorphomycetaceae_g__Saitozyma,FALSE
CAACCCTCAAGCTCTGCTTGGTGTTGGGCCCTGCCCGCTGCGGCCGGCCCTAAAGACAGTGGCGGTGCCGCCTGGCCCTGAGCGTAGTACATCTCTCGCTCCAGTGCCCGGCGGTGGCCTGCCAGAACCCCAACTCTCGT,k__Fungi_p__Ascomycota_c__Leotiomycetes_o__Helotiales_f__Myxotrichaceae_g__Oidiodendron,FALSE
TGACCACTCAAGCCCGGCTTGGTGTTGGGGTCCGCGGTCTCGCGGCCCTTAAAATCAGTGGCGGCGCCATCTGGCTCTAAGCGTAGTAATACTCCTCGCTATAGGGTCCTGGTGGATGCTCGCCATCAACCCCCAATCTCAC,k__Fungi_p__Ascomycota_c__Leotiomycetes_o__Helotiales_f__Hyaloscyphaceae_g__Hyaloscypha,FALSE
CAACCCTCAAGCTCTGCTTGGTATTGGGCGTCACTCTTGAAGTGCGCCTCAAAATCAGTGGCGGTGCCACCTGGCTCCTAGCGTAGTAAAACTTTCTCGCTATAGAGTTTGGGTGTTTGCCTGCCAGCAACCCCCCCCTTTTTTATA,k__Fungi_p__Ascomycota_c__Leotiomycetes_o__Helotiales,FALSE
CAACCCTCAAGCCCTGCTTGGTGTTGGGGTCCCACGGCTGCCGTGGGCCCTGAAAGGAAGTGGCGGGCTCGCTACAACTCCGAGCGTAGTAATTCATTATCTCGCTAGGGAGGTTGCGGCGTGCTCCTGCCGTTAAAGACCACATCTTTAACCAA,k__Fungi_p__Ascomycota_c__Sordariomycetes_o__Coniochaetales_f__Coniochaetaceae_g__Coniochaeta,TRUE
CAACCATCAAGCCCCAGGCTTGTGTTGGGGCCCTGCGGCCGTCCGCAGCCCCCGAAAAGCAGTGGCGGGCTCGCTGTCACACCGAGCGCAGTAGTATATCTTCGCTGGGACGTGATTGCGGGTTCCGGCCGTGAAACACCCCATTTATCAA,k__Fungi_p__Ascomycota_c__Sordariomycetes_o__Sordariales_f__Podosporaceae_g__Podospora,FALSE
AATCAATCAAGCCTTGCTTGGTGTTGGGTGTTTGTTCCGCCTCGGTGCGTGGACTCGCCTTAAATTCATTGGCAGCCGGTATGTTGGCTTCGTGCGCAGCACATTGCGTCGCGATTCTGGCAGACCCCCTCCCATTAAGCTCCTTTCTA,k__Fungi_p__Ascomycota_c__Dothideomycetes_o__Pleosporales_f__Melanommataceae_g__Pleotrichocladium,FALSE
AAACCTTCAAGCTATGCTTGGTGTTGGGTGTTTGTTCCGCCTCAGTGCGTGGACTCGCCTCAAATTCATTGGCAGCCGGTATGTTGGCTTCGTGCGCAGCACATTGCAAGCGATTTCAGCAGACCTCCTTCCACAAGCCTTTTTTTA,k__Fungi_p__Ascomycota_c__Dothideomycetes_o__Pleosporales_f__Melanommataceae_g__Alpinaria_s__rhododendri,FALSE
CAACCCTCAAGCCCAGCTTGGTATTGGGTGTCACCTGCATGGTGCGCCCCAAAATCAGTGGCGGCGCCATCTGGCTTCAAGCGTAGTAATACTTCTCGCTCTGGAGGTCCAGGGTGGATGCTGGCCAAAACCCCCATACTTTTCTCAA,k__Fungi_p__Ascomycota_c__Leotiomycetes_o__Helotiales_f__Helotiaceae_g__Calyptrozyma,FALSE
TTAATACTGAGTCAATCTTATGGCTTGCGCTGCCTGTGGCCGTTCTCCGGAGTGGCCTGGGCGAAACACGTCGGCGTCGCAACCTCGGGTTAGCCAGCGTAGCAGAACGTCTCGCGGCTTAACTGGAAAGGTCGGGCGCCAATCCCAAACCGAAC,k__Fungi,FALSE
TCACCCCTCAAGCTCGCGGCTTGGTGTTGGATTTAGGCGTGGTCTCACCCACGGCTGGTCTCAAAGATAGTGACGCCGTCCCCAGAGGGAACCGGTACGAGGAGCTTTTTAACCAGAGCATGTGCCGGTATGACCTGTGGGCGGCGGTCTATACTTTTTTTAAACCTAAG,k__Fungi_p__Ascomycota,FALSE
GTTAATAAAAATCGGGTGCGTTGCAATTTTTGTGACGTTTCCGGAGTTTGAGTTATCAGAAACTTCGGTTTTAAGAGGCTTAAAATTGACCTTTTTTGTGCATTTTTAGACGTACATAAATTTTTTTTTATTCGTCCATTCTAATGCCAAAATCTATTAGATGCGACCATATCTTGTGGTTTCGTGTCTATAAATTTTTCATG,k__Fungi_p__Glomeromycota_c__Glomeromycetes_o__Glomerales_f__Glomeraceae_g__Rhizophagus_s__irregularis,TRUE
ACACCATCAAGCCTGGCTTGGTCTTGGACGCGGTCGAGTGACCCGTCCGTAACCCGTTGGCGGTACAGTCCGGCTTCAAGCGTAGCAAAAATTTCGCTTCAGGAGTCCGCGGCGGTGCCTGCCAGGTAACAACTTCCTAAA,k__Fungi_p__Ascomycota_c__Dothideomycetes_o__Mycosphaerellales_f__Teratosphaeriaceae_g__Teratosphaeria,FALSE
AACACATCCTCAAGCAGCTTTGCTTGGTATTGGAGGAAGATGTCCGCATCCCCTCTCAAATCCCTCAGCGGAAACCTCTGCGGTCTCAGGTGTGATAATTATTTTTCGCTTGGTGACTGTGGGTATGTTCTTGCTGTTAAGAGCCCCCCAGCTTCTTTTTGA,k__Fungi_p__Ascomycota_c__Pezizomycetes_o__Pezizales_f__Sarcosomataceae_g__Plectania_s__milleri,FALSE
TAACCACTCAAGCCTCGGCTTGGTCTTGGGGTTCGCGGTTTCGCGGCCCTTAAAATCAGTGGTGGTGCCGTCTGGCTCTAAGCGTAGTAATTCTCTCGCTATAGGGTCCAGGTGACCACCTGCCATAACCCCCCATTCTTTAC,k__Fungi_p__Ascomycota_c__Leotiomycetes_o__Helotiales_f__Hyaloscyphaceae_g__Hyaloscypha_s__finlandica,FALSE
CAACCCTCAAGCCTGGCTTGGTATTGGGCGTCACCGGCACGGTGCGCCTCAAAAGCAGTGGCGGTGCCATCTGGCTTCAAGCGTAGTAACACTTCTCGCTCTGGAGGTCCAGGTGGTTGCCCGCCAAAAACCCATACTTTCTCAA,k__Fungi_p__Ascomycota_c__Leotiomycetes_o__Helotiales_f__Helotiaceae_g__Calyptrozyma,FALSE
TACTACTAAGGCTCAGCCTTGCGGTGACCGACGCCCCTCCTGTCTTTCTGGAGGGGTGGGGTCGAAACCCATGGGCGCGTCCTCTCAGGTCGTCCAGCGTAGCAAGTCTCTCGCTGAACGTTTGCCGAGAGTGGGAGCGCCAGTACTCAATAACGAAC,k__Fungi_p__Ascomycota_c__Lecanoromycetes_o__Lecanoromycetes_ord_Incertae_sedis_f__Micropeltidaceae_g__Micropeltidaceae_gen_Incertae_sedis,FALSE
ATATATATCAACCCTCTCTCTCTTGTAGTGAGTGGGTTTGGATGTGGGGGTTTGCTGGCCTCTTTTTTTTAAAAGAGGGTCAGCTCTCCTGAAATGCATTAGCAGAACAACCTGTTCATTGGTGTGATAACTATCTGCGCCATTGAATGTGAGGGGCAGTTCAGCTTTCTAACAGTCTTTGGACAATTCATCATTA,k__Fungi_p__Basidiomycota_c__Agaricomycetes_o__Agaricales_f__Cortinariaceae_g__Cortinarius,FALSE
ATACCAATCTAGCCTGGCTAGGTGTTGGGCTTCGCCGTCTGGCGGGCCTTAAAACTAGTGGCGGTGCTCTTAGGCTCTACGCGTAGTAATTTTCTCGCTATAGGGTCCTGGGAGATGCTGGCCAGCAACCCCTAATTTTTCTA,k__Fungi_p__Ascomycota_c__Leotiomycetes_o__Helotiales_f__Hyaloscyphaceae_g__Lachnum_s__pygmaeum,FALSE
CACCACTCAAGCCTGGCTTGGTGTTGGGCGACGTCCCCTTCCCGGGACGCGCCTTGAAATGCTCGGCGGCGTGGCACCGGTTTTAAGCGTAGCAGAAACTTTCGCTTTGAAAGTCGGGGCCCCGTCTGCCGGAAGACCTACTTTTAA,k__Fungi_p__Ascomycota_c__Dothideomycetes_o__Gloniales_f__Gloniaceae_g__Cenococcum,FALSE
CAACCCTCAAGCTCTGCTTGGTGTTGGGCCCCGCCCGCTCGCGGCCGGCCCTAAAGACAGTGGCGGCAGCGTCTGGCTCCAAGCGTAGTACAGCTCTCGCTCTGGAGCTAGGCGGTAGCCTGCCAGAACCCCCCTTCTAT,k__Fungi_p__Ascomycota_c__Leotiomycetes_o__Helotiales_f__Myxotrichaceae_g__Oidiodendron_s__chlamydosporicum,FALSE
AAATAAAAATCGGTGTTGTTGCTGCCTTTCGTGGTGACGCTTCGGAATTGGGCCGTCTTTACCTTTTGGTTAAGTGACCTAAAAGTTTACGTGATTTTTCAACGTGTTTAAATTTTTTTATACGCGTTTGTAACAATCAAGTATTAGATGTGGTCATTCTCATGATTTCGCGTCTATAATT,k__Fungi_p__Glomeromycota_c__Glomeromycetes_o__Glomerales_f__Glomeraceae_g__Dominikia,FALSE
CAACCCTCAAGCTCTGCTTGGTGTTGGGCCCCGCCGCCCTGGCGGGCCCTAAAGTTAGTGGCGGTGCCGTCTGGCTCCGAGCGTAGTAATTCTTCTCGCTCTGGAGGCCCGGCCGTGTGCCCGCCAGCAACCCCTAAATTTTTTCA,k__Fungi_p__Ascomycota_c__Leotiomycetes_o__Thelebolales_f__Pseudeurotiaceae_g__Geomyces,FALSE
AAATAAAAATCGGGGTTGTCGCTGCCTTTCGTGGTGACGCTTCGGAATTGGGTCGTCTTTACCTTCGGTTAAGTGACCTAAAATTTTACGTGATTTTTCAACGTGTTTAAATTTTTTTACGCGCGTTTGTAATATCGAATATTAGATGTGATCATTCTTATGATCTCGCGTCTATAATT,k__Fungi_p__Glomeromycota_c__Glomeromycetes_o__Glomerales_f__Glomeraceae_g__Dominikia,FALSE
CACCACTCAAGCACTGCTTGGTATTGGGCACTCGTCCGTCGAAAGGCGGGCGTGCCTCGAAGACCTCGGCGGGGTTTCACCAACTTCGGGCGTAGTAGAGTTAAATCGAACGTCTTATAAGCTTGGGGGAGCCTCATTGCCGTTAAACCTTTTATTTTTTCA,k__Fungi_p__Ascomycota_c__Dothideomycetes_o__Dothideales_f__Dothideaceae_g__Dothidea,FALSE
CCCCCCAACTCAAACTTTTTTCTTTTAGAAGGAAGCTTGGATTACTTTGAAGGTGTAGCTTGCAAAGGCTGCTTTTCAGAAATTCATAGGCAGTATGGTTATTCCTAGACCAGACGTAATAATAATAAAACCGTCTTTTTGGGAAAGAATCGTGCTCGCCTTAACCCACCCATTATCTTTTTACTT,k__Fungi_p__Ascomycota_c__Pezizomycetes_o__Pezizales_f__Pezizaceae_g__Plicaria,FALSE
CAACCCTCAAGCTCTAGCTTGGTTTTGGATGTCACTAATCTGGTGCATCTCAAAAGCAGTGGCGGTGCCATTCAGCTTCAAGCGCAGTAAATTTCTCGCTACGGAGTCTGGGTACAGTACCTGCCAGAATCCCCCCAATTCAAA,k__Fungi_p__Ascomycota_c__Leotiomycetes,FALSE
AAATAAAAATCGGGGTTGTTGCTGCCTTTCGTGGTGACGCTTCGGAATTGGGCCGTCTTTACCTTTTGGTTAAGTGACCTAAAAGTTTTACGTGATTTTTCAACGTGTTTAAATTTTTTTATACGCGTTTGTAACATCAAGTATTAGATGTGGTCATTCTCATGATTTCGCGTCTATAATT,k__Fungi_p__Glomeromycota_c__Glomeromycetes_o__Glomerales_f__Glomeraceae_g__Dominikia,FALSE
AATTCTCCACTTCAAATTTCTATTTTGAAGCTTGGATGTTGGAGGCTTTGCAGGCATTTATTTGCCAGCTCCTCTTAAATGCATTAGCAGAACTTGTACGTTCGGCTCTGGTTTGATAATACTATCTATGCCATTGCTGAAAGGTCATTGTTCAGCTTCTAATGGTCCATTGCATTGGACTGTCTCTTTGGAGGCATAACCTTTTG,k__Fungi_p__Basidiomycota_c__Agaricomycetes_o__Agaricales_f__Clavariaceae_g__Clavulinopsis_s__helvola,FALSE
CAACCCATCAAGCTTCGGCTTGGTCTTGGGGCCTGCGGTTTCGCAGCCTCTAAACTCAGTGGCGGTGCTTCTGAGCTCTGAGCGTAGTAATTTTTTCTCGCTATAGGGTCTCGGAGGTTACTTGCCAACAATCCCCAATTTTTATCA,k__Fungi_p__Ascomycota_c__Leotiomycetes_o__Helotiales_f__Helotiaceae_g__Tetracladium_s__furcatum,FALSE
AAATAACATTCGTGAATTTTTCGCGGATTTGAGTTTTCCAGTATTTAATAAAATGCTGGTAACTTTAAAATTATTTATTACTTGGTACAAGTTGAAAACGTGCTATATGTGTGGTTCGCTGACAACTTGTCCATCTTTATATATTATGCGCGCACTTGGTTTTCAAAGCTTTGTGTGATCATATATTTTT,k__Fungi_p__Glomeromycota_c__Glomeromycetes_o__Diversisporales_f__Diversisporaceae,FALSE
CCACCCTCAGGCCCTGCCTGGTGTTGGGGGCCTGCGCTTGCAGCCCCCGAAAGCCAACGGCGGTCCCGGTCCCGGCCCCGAGCGTAGTAGCATACCTCGCTCTGGGCGCCTGGCGGGCACCAGCCGCAACCCACCATCTCAA,k__Fungi_p__Ascomycota_c__Sordariomycetes_o__Chaetosphaeriales_f__Chaetosphaeriaceae,FALSE
CAACCCTCAAGCTCTGCTTGGTATTGGATGTCACCGGCTCCGGTGCACCTTAAAATCAGTGGCGGTGCCATTCGGCTTCAAGCGTAGTAATTCTTCTCGCTTCGGAAAAGGGTGACACGCTGCCAACAACCCCTAATTTTTCAA,k__Fungi_p__Ascomycota_c__Leotiomycetes_o__Helotiales_f__Tympanidaceae,FALSE
CATTCTTAAATCTATGGATTTAGTGTTGGACAATTCTTCGAGAGAAGATGGTCTGAAATGAATTTTGGCAGAGGCGACTATATAAGCTTTTACAACGTATTAGGTTTTACCATCTCGTTGGAAATATACGGTGAATATAGCAGCTTTGGCGTTATAACTAAAACTTCAAAA,k__Fungi_p__Ascomycota_c__Saccharomycetes_o__Saccharomycetales_f__Saccharomycetales_fam_Incertae_sedis_g__Saccharomycetales_gen_Incertae_sedis,FALSE
AATCTCAACCATTAGGGTTTCTTAATGGCTTGGATTTGGGTGTTGCCAGTCTCTGGCTCGCCTTAAAGGAGTTAGCGAGTTTAACAATGTCGTCTGGCGTAATAAGTTTCGCTGGTAAGACTTGTGAAGTTTGCTTCTAATCGTCTTCGGACAATTACTTTGA,k__Fungi_p__Basidiomycota_c__Tremellomycetes_o__Trichosporonales_f__Trichosporonaceae_g__Apiotrichum_s__xylopini,FALSE
ACACCCTCAAGCTCTGCTTGGTGTTGGGCGTCTGTCCCGCTATACGCGTGGACTCGCCCCAAAGTCATTGGCAGCGGTCGTGCCAGCTTCTCGCGCAGCACATTTGCGTTTCTTGAAGTTTGGTGGATCAGCGTCCAGTAAGCTCTTTTTATG,k__Fungi_p__Ascomycota_c__Dothideomycetes_o__Pleosporales_f__Massarinaceae_g__Stagonospora_s__bicolor,FALSE
TAATCTCACACCCAAGACTTCTTGTCGAGGGAGGTGGACTTGGACGTTTGCTGCGTAACTGCAGCTCGTCTCAAAAATGTCAGCGCAGCTCTAGATGAAGCGTTTGATGCCCAGTGTAATAAGTATTTCGCTGTGGTTAGCATTAGTCTAGTTGTTGTGCTCTCTAATCGTCTTCGGACTGGACCAGCGATGGTTCATTTGACA,k__Fungi_p__Basidiomycota_c__Agaricomycetes_o__Sebacinales_f__Sebacinaceae_g__Chaetospermum,FALSE
CAACCCTCAAGCTCTGCTTGGTGTTGGGCCCAGCCCGTCGCGGCCGGCCCCAAAGACAGTGGCGGCGCCGTCGGGCCCTAAGCGTAGTACATCTCTCGCTCTAGGGCCCCGTGGTGGCTTGCCAGCAACCCCAACTCCTAT,k__Fungi_p__Ascomycota_c__Leotiomycetes_o__Helotiales_f__Myxotrichaceae_g__Oidiodendron_s__periconioides,FALSE
CAACCCTCAAGCCTAGCTTGGTATTGGGCCTCGCCACTAACCTGGCGGGCCTTAAAATCAGTGGCGGTGCCGTCGTGGCCCTGAGCGTAGTAAATATCCTCGCTACAGGGACCCGGTGGTTACTGGCCAGCAACCCCCAACTTTTCTAA,k__Fungi_p__Ascomycota_c__Leotiomycetes_o__Helotiales_f__Hyaloscyphaceae_g__Hyphodiscus,FALSE
AAATAACATTCGTGAATCTCTTTGCGGATTTGAGTTTTCCAGTATTTTTAATATATAAAATGTTGGTAACTTTAAAATTATTATTACTTGGTACAAGTTGAAGACGTTCTATATGTGTGGTTCGCTGACAACTTGTCCATCATCATATATTATACGTGCACTTGGTTTTTTACGCTCTGTGCGAGTATATATTTTT,k__Fungi_p__Glomeromycota_c__Glomeromycetes_o__Diversisporales_f__Diversisporaceae_g__Diversispora_s__densissima,FALSE
CAACCCATCAAGCTTCGGCTTGGATTTGAGGCCTGCGGTTTTTCGCAGCCTCTAAACTCAGTGGCGGTGCTATTGAGCTCTGAGCGTAGTAAATCTCCTCGCTATAGGGCCTCGGTAGTTGCTTGCCAACAACCCCCAATTTTTATCA,k__Fungi_p__Ascomycota_c__Leotiomycetes_o__Helotiales_f__Helotiaceae,FALSE
CAACCCTCAAGCTCTAGCTTGGTATTGGATGTCACTAATCTGGTGCATCTCAAAAGCAGTGGCGGTGCCATTCAGCTTCAAGCGCAGTAAATTTCTCGCTACGGAGTCTGGGTACAGTACCTGCCAGAACCCCCCCAATTCAAA,k__Fungi_p__Ascomycota_c__Leotiomycetes,FALSE
TAACCACTCAAGCCTCGGCTTGGTATTGGGGTGCGAGGTTTCTCGGCCCTTAAAATCAGTGGCGGTGCCATCTGGCTCTAAGCGTAGTAATTTTTCTCGCTATGGTGTCCGGTAGTTGCTTGCCAGAACCCCCCCATTTTTTAC,k__Fungi_p__Ascomycota_c__Leotiomycetes_o__Helotiales_f__Leotiaceae_g__Pezoloma,FALSE
CAACCCTCAAGCCCCCGGGCTTGGTGTTGGAGATCGGCGTGCCCCCCCGGGGCGCGCCGGCTCCCAAATATAGTGGCGGTCTCGCTGTAGCTTCCTCTGCGTAGTAGCACACCTCGCACTGGAAAACAGCGTGGCCACGCCGTTAAACCCCCCACTTCTGAAA,k__Fungi_p__Ascomycota_c__Sordariomycetes_o__Hypocreales_f__Nectriaceae_g__Ilyonectria,FALSE
ACACCATCAAGCCTAGCTTGGTCTTGGACGCGGTCGAGTGACCCGTCCGTAACCCGTTGGCGGTACAGTCCGGCTTCAAGCGTAGCAAAAATTTCGCTTCAGGAGTCCGCGGCGGTGCCCGCCAGGTAACAACTTCCTAAA,k__Fungi_p__Ascomycota_c__Dothideomycetes_o__Mycosphaerellales_f__Teratosphaeriaceae_g__Teratosphaeria,FALSE
CAACCCATCAAGCTTCGGCTTGGTCTTGGGGCTTGCGGTTTCGCAGCCTCTAAACTCAGTGGCGGTGCTTCTGAGCTCTGAGCGTAGTAATTTTTTCTCGCTATAGGGTCTCGGTGGTTACTTGCCAGCAACCCCCAATTTTTATCA,k__Fungi_p__Ascomycota_c__Leotiomycetes_o__Helotiales,FALSE
CTGCCCTCAAGCACGGCTTGTGTGTTGGGCCCCCGCCCCCCGGTCTCGGGGGGCGGGCCCGAAAGGCAGCGGCGGCACCGCGTCCGGTCCTCGAGCGTATGGGGCTTCGTCACCCGCTCTGTAGGCCCGGCCGGCGCCCGCCGGCGACCCCAATCAATCTATCCA,k__Fungi_p__Ascomycota_c__Eurotiomycetes_o__Eurotiales_f__Aspergillaceae_g__Penicillium_s__ochrochloron,FALSE
CAACCCTCAAGCTCTGCTTGGTGTTGGGCGTCGTCCCCGCTGCGGACGTGCCCGAAACTCGTAGGCGGCGCGGTAGCGGCCCCAGGAGTAGCAACAAACCTCTCCTCGGGATCCGGTGCCCCGCTCGCCCGGGAACCAACCCACTCTTTTTAG,k__Fungi_p__Ascomycota_c__Dothideomycetes_o__Cladoriellales_f__Cladoriellaceae_g__Cladoriellaceae_gen_Incertae_sedis,FALSE
CTGCCCTCAAGCACGGCTTGTGTGTTGGGCCCCCGTCCCCCCCTCCCGGGGGACGGGCCCGAAAGGCAGCGGCGGCACCGCGTCCGGTCCTCGAGCGTATGGGGCTTTGTCACCCGCTCTGTAGGCCCGGCCGGCGCCTGCCGACCACCATCAATCTTTTTTTCA,k__Fungi_p__Ascomycota_c__Eurotiomycetes_o__Eurotiales_f__Aspergillaceae_g__Penicillium,FALSE
AATTCTCAAACCTTGATCAGTTTTGCGACTGCTATCAAGGCTTTGGATGTGGGAGTCTGCTGGAACTCTTTTGGTTCAGCTCTCCTCAAATGCATTAGCGGTTACTTGATCCCCTTTCCTTGGTGTGATAATTATCTACGCCTTTGAAATGATCAGCATTGTATCAGCTTCTAACCGTCCATTGACTTGGACAAACTACTTAATTGACC,k__Fungi_p__Basidiomycota_c__Agaricomycetes_o__Agaricales_f__Mycenaceae_g__Mycena_s__aetites,FALSE
TCACTAATCAAGCCTGGCTTGCTGTTGGACCTCTTGTCGTTAAAATCGACAGGCCCTAAAGATAATGACGGCGTTATTTGGACCCTAGATGCAACGAGCTTTCATTAGCACGCGTTTAGTCGGACCTTTTAACCCGGTCTTTTTGAACCCATTTTCTAA,k__Fungi_p__Ascomycota_c__Eurotiomycetes_o__Chaetothyriales_f__Herpotrichiellaceae_g__Cladophialophora,FALSE
CAACCCTCAGGCTCTGCTTGGTATTGGGCTCTGCCGGTCCTGGCAGGCCTCAAAGTCAGTGGCGGTGCCACCCGGCTCCAAGCGTAGTAATTCTTCTCGCTTCGGAGGCCGCGGTGCGTGCTAGCCAGCAACCCCCAATTTTTTCA,k__Fungi_p__Ascomycota_c__Leotiomycetes_o__Thelebolales_f__Pseudeurotiaceae_g__Pseudeurotium,FALSE
CACTCTTAAAACATGAATTTGTTTTAGTATTGAGTCTTTATTTCTTTCCGAAGAATGACTTGAAATGAATATGGCACAAGCGAATCCAGTCATGGAGCTTTTTTCTACAACGTAATAGGTTTTACCAACTCGTTGGCTTTAATGGAAAAGGTTCTTTTGGATATAGCTTTGGCGTTATAACCAAAACTTTTAAAG,k__Fungi_p__Ascomycota_c__Saccharomycetes_o__Saccharomycetales_f__Saccharomycetales_fam_Incertae_sedis_g__Saccharomycetales_gen_Incertae_sedis,FALSE
AATTCTCAACCCCAGCGGTTCGTTGGGGCTTGGACTTGGAGCGTGCTGGCGAAGGTCGGCTCCTCTTTAAATGCATCAGCGGAAAACGGAACTTTCCCTTCGGCGTGATAATATTGTTGCGTCGTGGTGGGTCGGTTAAAGAGTCCCGCTTACAATCGTCCTCGGACAAAAATAAAAAACATCTG,k__Fungi_p__Basidiomycota_c__Agaricomycetes_o__Atheliales_f__Tylosporaceae_g__Amphinema,FALSE
CACCACTCAAGCACGGCTTGGTGTTGGGCGACGTCCCTCCTTAGGGACGCGCCTCGAAACGCTCGGCGGCGTGGCACCGGCTTTAAGCGTAGCAGAATCTTTCGCTTTGGAAGTCGGGGCCCCGTCTGCCGGAAGACCTACCATCAA,k__Fungi_p__Ascomycota_c__Dothideomycetes_o__Gloniales_f__Gloniaceae_g__Pseudocenococcum_s__floridanum,FALSE
AAATAACATTCGTGAATTTTTCGCGGATTTGAGTTTTCCTGTATTTTTATCATAATAAATGCTGGTAACTTTAAAATTATTTATTACTTGGTACAAGTTGAAAACGTGCTATATGTGTGTGTGGTTCGCTGACAACTTGTCCATCTTTATATATTATGCGTGTACTTGGTTTTTTCAAAGCTTTGTGCAATCATATATTTTTT,k__Fungi_p__Glomeromycota_c__Glomeromycetes_o__Diversisporales_f__Diversisporaceae_g__Diversispora,FALSE
CTGCCCTCAAGCACGGCTTGTGTGTTGGGTGTGGTCCCCCCGGGGACCTGCCCGAAAGGCAGCGGCGACGTCCGTCTGGTCCTCGAGCGTATGGGGCTCTGTCACTCGCTCGGGAAGGACCTGCGGGGGTTGGTCACCACTATATTTTACCAC,k__Fungi_p__Ascomycota_c__Eurotiomycetes_o__Eurotiales_f__Aspergillaceae_g__Talaromyces_s__flavus,FALSE
AGACTCAATCCCTCGGGTTTCTGAGGAGGTTGGATTTGGGCGCTTGCCTTCTGGCTCGCCTTAAAGGACTTAGCAGGATAGCACTGTAGTCGACGTAATAAGTCTCGTCGGTGAAAGTGTGATGTCTGCTTACAAATTGCCCTTGGGCACTTTTGA,k__Fungi_p__Basidiomycota_c__Tremellomycetes_o__Tremellales_f__Trimorphomycetaceae_g__Saitozyma,FALSE
CAACACTCAAGCCTTGCTTGGTATTGGGCGCCGCCCGCTATGGGCGCGCCTTAAACTCCTCGGCGTCGCCGTCCGTCTTTAAGCGCAGCGAGATTACTTTCCAGCGCTTTCAAAGACGGGCCTCGTCCGCCGGAGAACACACCTTTTTATTCTAAG,k__Fungi_p__Ascomycota_c__Dothideomycetes_o__Dothideomycetes_ord_Incertae_sedis_f__Dothideomycetes_fam_Incertae_sedis_g__Pseudoarthrographis,FALSE
CAACCCTCAAGCCCCGCTTGGTGATGGGCCCCGCCCGCGGGCGGGCCCGAAACTCGTGGGCGTCGTCGTTCGGCTCCAAGCGTAGCAAAACCCTCGCTTGGGCGCCCGGACGGCGGCCGCCCGGAACGAATCATACACAA,k__Fungi_p__Ascomycota_c__Dothideomycetes_o__Venturiales_f__Venturiaceae_g__Sympodiella,FALSE
CAACCCTCAAGCCCAGCTTGGTATTGGGTGTCACCTGCACGGTGCGCCCCAAAATCAGTGGCGGCGCCATCTGGCTTCAAGCGTAGTAATACTTCTCGCTCTGGAGGTCCAGGTGGACGCTGGCCAAAACCCCCATACTTTTCTCAA,k__Fungi_p__Ascomycota_c__Leotiomycetes_o__Helotiales_f__Helotiaceae_g__Calyptrozyma,FALSE
TGACCAATCAAGCTCTGCTTGGCCTTGGGGCCCGCTGTACCGGCGGCCCTTAAAATCAGTGGCGGTGCCGTCTGGCTCTAAGCGTAGTAATACTTCTCGCTACAGGGTCCAGCCGTCCACCCGCCAGAACCCCCAACTTTCTTA,k__Fungi_p__Ascomycota_c__Leotiomycetes_o__Helotiales_f__Helotiaceae_g__Meliniomyces,FALSE
TTAATAAAAATCGGCGTGTTGCTCTTTTGTGATGCTCCGGAGTTTGGGTCATCTTATAACAACACCTTTCAGGTGTTTTATAAGAGGCTTAAAATTGACATCTTTTTGCGCATTTTTTGACGTACATAAATTTATTTATTCGTTTATTCTAATGCCAAAATCAATTAGATGCGACCATATCGTGTGGTTCTGTGTCTATAAATTTTTTCATG,k__Fungi_p__Glomeromycota_c__Glomeromycetes_o__Glomerales_f__Glomeraceae_g__Rhizophagus,FALSE
CAACCCTCGCCCCCGGCTTCTGTCGGGGGCGGTGTTGGGGATCGGCTGCCCGTTACTGGGTGGCCGGCCCCTAAATCGAGTGGCGACCGCGCCGTGCCCTCCCCTGCGTAGTAGTAACTAACCTCGCAGGCGGAGAGCGGTGCGGCCCGCCGTAAAACCCCCAACTTTCTCAA,k__Fungi_p__Ascomycota_c__Sordariomycetes_o__Hypocreales_f__Hypocreales_fam_Incertae_sedis_g__Acremonium,FALSE
AGAACTACTCTCAACTAACACTTTGTGTGAGTTGGATGTGGGGGTTCTGCTGTTGACTTGTTCACAGCTCCTCCTAAATATGTTAGCCGGTTGGTGATGAACCACTGTTGGCTTGATATTATGTCTATGCTGCAGTTGTACATGTATCCATGGCTTATAATCGTCTTCGGACAATATTTCTGAG,k__Fungi_p__Basidiomycota_c__Agaricomycetes,FALSE
CAACCCTCAAGCTCTGCTTGGTATTGGGTGTTACCTAGCATGGTGCACCTTAAAATCAGTGGCAGTACCATTTGGCTTCAGGCGTAGTACTACTTCTCGCTTTGGAAGTTTGGGTGTGTGCTCGCCAGCAACCCCTTGTTTATCAAA,k__Fungi_p__Ascomycota_c__Leotiomycetes_o__Helotiales,FALSE
CAACACTCAAGCTCAGCTTGGTCTTGAGCCTAGCCGGTCACGGCGGGTTTTAAAATTAGTGGCGGTGCCACCTGGCTCTAAGCGTAGTAATACTCCTCGCTATTGAGTCCTGGTGGACGCTGGCCAGCAACCCCCAACTTTCCAA,k__Fungi_p__Ascomycota_c__Leotiomycetes_o__Helotiales_f__Helotiales_fam_Incertae_sedis_g__Chalara,FALSE
TAACCCCTCAAGCCTAGCTTGGTGTTGGGGTCTGCTGTTGCCGGCAGCCCTTAAAATCAGTGGCGGTGCCATCTGGCTCTAAGCGTAGTAATACTTCTCGCTACAGGGTCCTGGTGGATGCTTGCCATCAACCCCTTAAATATCTAT,k__Fungi_p__Ascomycota_c__Leotiomycetes_o__Helotiales_f__Helotiales_fam_Incertae_sedis_g__Leohumicola,FALSE
TAATACTAAGGCTCAGCCTTGTGATGACCTTCCCCTGTTTTGGGGTCGGTCGAAAAACATGCAGATCTTTTATGGTCAGGAAGCCTACGCAACAGTATGATTCCCCTCAATAAAAATCTGAATTCGCCCCCAA,k__Fungi_p__Ascomycota_c__Lecanoromycetes_o__GS36_f__GS36_fam_Incertae_sedis_g__GS36_gen_Incertae_sedis,FALSE
AATTCTCAACCCTCTCGATTTGCGTCGAGGGTGGCTTGGACTTGGAGGCTGCCGGCGTCTGTCGGCTCCTCTTAAATGCATTAGCGAATTGATAGCTTTGCGGTTGGTGTGATAATTATCTACGCCTTCAAGCCGCTCTGTAGCTTCGCTTCTAACCGTCCTTGCGGACAACTTTATCATTGA,k__Fungi_p__Basidiomycota_c__Agaricomycetes_o__Amylocorticiales_f__Amylocorticiaceae_g__Amylocorticiellum_s__molle,FALSE
GACGCCGTTCGAGCCCCTTTGATGGGCTCGGTGTTGGGGCGCTAGGTAACACTAGGCCCCCAAGCAGAAGTGCGCGGTCCGGCTGTGGGCCCCGGGTACAGTAACTTTACCGTTAGATGCCCTGGGAGAAGCAGCTAGGCTTGCCGTAAAACCCCCGACATAGGGACCCCCGCAAGGGAGGGACCGCCATA,k__Fungi_p__Ascomycota_c__Sordariomycetes_o__Hypocreales,FALSE
CTACCCTCAAGCGCGGCTTGTTTGTTGAGCCTATATTGTTCTTTAATAGGGACAGGCTTGAAATGCAGTGGCGAATGCTAGGTTTGGTGCCCGAGTGTATGGGGCTCTGTCACACGCTCTAGTGGCCCAGCTGGCGTTCTGTCCCAAAAACCTTAAAAAAGGTTTAAACCTAGA,k__Fungi_p__Ascomycota_c__Eurotiomycetes_o__Onygenales_f__Onygenales_fam_Incertae_sedis_g__Onygenales_gen_Incertae_sedis,FALSE
CAACCCTCAAGCAATGCTTGGTCTTGGGCCCCGCCAGTCATCCGGCGGGCCTTAAAATCAGTGGCGGTGCCGTCAGGCTCTGAGCGTAGTAAGTCTTCTCGCTACAGGGTCCTGGTGGATGCTAGCCAGCAACCCCCAATTTTCCAT,k__Fungi_p__Ascomycota_c__Leotiomycetes_o__Helotiales_f__Leptodontidiaceae_g__Leptodontidium,FALSE
TCACCCCTCAAGCCCTGTGCTTGGTGTTGGACGGCTTGGTCGCGTCACCGCGACTCCTCCTAAAGACAATGACGGCGGCCTGTGGTTCCCCCGGTACACTGAGCTTTTAATTGAGCACGTATTGGATAAGGGCACCCGGGACCCGGTCTTCTCCCTTCACCGGGAAATTTTTCAAT,k__Fungi_p__Ascomycota_c__Eurotiomycetes_o__Chaetothyriales_f__Herpotrichiellaceae_g__Cladophialophora,FALSE
AATCCTCAACCCTCCCTTGCGGGTGTGGCTTGGACTTGGAGCGTGCTGGCGAAGGTCGGCTCCTCTTTAAATGCATCAGCGGAAAGCTTTTCTGGCCGTTCGGCGTGATAACACTGTTGCGCCGTGGAAGCCTCTGTAAAGGCCTCGCTTACAATCGTCTTCGGACAAACGACATCTCAGTCAAATCCA,k__Fungi_p__Basidiomycota_c__Agaricomycetes_o__Atheliales_f__Tylosporaceae_g__Amphinema_s__diadema,FALSE
AAACCACTCAAGCACATTTTGCTTGGTTATGGGAGAAGAGGTTACTCTGTGGCCTCCCTTCCGAAATTCAATGGCGGATTGCTGTACGTACCCTGGTGTAGTAATAACTTATTCGCTGGAATACGTCTACAATCCTGCCCCTAACCCCCAATTTTTTCT,k__Fungi_p__Ascomycota_c__Pezizomycetes_o__Pezizales_f__Pyronemataceae,FALSE
AAATAACATTCGTGAATCTCTTTGCGGATTTGAGTTTTCCAGTATTCTTAATATATAAAATGTTGGTAACTTTAAAATTATTATTACTTGGTACAAGTTGAAGACGTTCTATATGTGTGGTTCGCTGACAACTTGTCCATCTTCATATATTATGCGCGCACTTAGTTTTTTAATGCTTTGTGCGAGTATATATTTTTT,k__Fungi_p__Glomeromycota_c__Glomeromycetes_o__Diversisporales_f__Diversisporaceae_g__Diversispora,FALSE
TGACCAAATCACGCCTGGCGTGGTCTTGGGGCTGGCAACTCTGCCGCCCTCAAACGCAGTGGCAGCGCCGTTTGGCTCTTAGCGTAGTAATACTCCTCGCTATAGGGTCCTGCGGCTGCCCGCCAGCAACCCCCAATCTTTATA,k__Fungi_p__Ascomycota_c__Leotiomycetes_o__Helotiales_f__Helotiaceae_g__Ascocoryne,FALSE
CAACCCTCAAGCAATGCTTGGTATTGGGCTCCGCCGCTTACCCGGCGGGCCTTTAAACCAGTGGCGGCGCCGTCGAGGCCCTGAGCGTAGTAAATCTCCTCGCTATAGGGACCCGGCGGACGCTGGCCATCAACCCCCACCTTCTAA,k__Fungi_p__Ascomycota_c__Leotiomycetes_o__Helotiales_f__Hyaloscyphaceae_g__Glutinomyces,FALSE
CAACCCTCAAGCAATGCTTGGTCTTGGGCCCCGCCAGTCATCCGGCGGGCCTTAAAATCAGTGGCGGTGCCGTCAGGCTCTGAGCGTAGTAAATCTTCTCGCTACAGGGTCCTGGTGGATGCTGGCCATCAACCCCCAATTTTCTAT,k__Fungi_p__Ascomycota_c__Leotiomycetes_o__Helotiales_f__Leptodontidiaceae_g__Leptodontidium,FALSE
CAACACTCAAGCCTAGCTTGGTATTGAGCCACGCCCGTAAGGGCCGGTTTTAAAATCAGTGGCGGCGCCATCTGGCTCTAAGCGTAGTAATACTCCTCGCTATTGAGTCCCGGTGGATGCTGGCCAGCAACCCCCAACTTTCTAA,k__Fungi_p__Ascomycota_c__Leotiomycetes_o__Helotiales_f__Helotiales_fam_Incertae_sedis_g__Xenochalara,FALSE
CTGCCCTCAAGCCCGGCTTGTGTGTTGGGCCGCCGTCCCCCCCTCCGGGGGGGGACGGGCCCGAAAGGCAGCGGCGGCACCGCGTCCGGTCCTCGAGCGTATGGGGCTCTGTCACCCGCTCCGTAGGCCCGGCCGGTCGTCGGCCGACGACCCAGTCTACCCCCCCTTTCTTCA,k__Fungi_p__Ascomycota_c__Eurotiomycetes_o__Eurotiales_f__Aspergillaceae_g__Penicillium_s__lassenii,FALSE
TAAATAAAAATCGATGTGTCGCTTTTTTTTGTGACGCTTCGGAATTGGGTAATCTTGACCTCTGGGTTAAGAGACCTAAAATTGATACCTTTCCGAGCATCTTGGACGTACGTAACCTTTCAAGTGTTCGGATCTCTTTATTAGGTATGATCACGCTGTGCGTGGCTCTCGTACCTATAACGTGTATTTTCATG,k__Fungi_p__Glomeromycota_c__Glomeromycetes_o__Glomerales_f__Glomeraceae_g__Rhizoglomus,FALSE
AGAACTACTCTCAACTAACACCTTGTGTGTGAGTTGGATGTGGGGGTTCTGCTGTTGACTTGTTCACAGCTCCTCCTAAATGTGTTAGCCTGTTGGTGATGAACCACTGTCGGCTTGATATTAATGTCTATGCTGCAGTTGTACATGTATCCATGGCTTATAATCGTCTTCGGACAATTTTCTGAG,k__Fungi_p__Basidiomycota_c__Agaricomycetes,FALSE
CAACCCTCAAGCTCTGCTTGGTATTGGGTGTTACCTAGCATGGTGCACCTTAAAATCAGTGGCAGTACCATTTGGCTTCAGGTGTAGTACTACTTCTCGCTTTGGAAGTTTGGGTGTGTGCTTGCCAGCAACCCCTTGTTTATCAAA,k__Fungi_p__Ascomycota_c__Leotiomycetes_o__Helotiales_f__Tympanidaceae_g__Tympanidaceae_gen_Incertae_sedis,FALSE
CAACCCTCAAGCTCTGCTTGGCATTGGGCCCCGCCGGCACCTGGCGGGCCTTAAAATCAGTGGCGGCGTCATCTGGCTCCAAGCGTAGTAGATAAACCTCGCTTCGGAGTTCCGGGTGGCAGCTTGCCAGCGAACCCCAATTCTCACAA,k__Fungi_p__Ascomycota_c__GS35_o__GS35_ord_Incertae_sedis_f__GS35_ord_Incertae_sedis_fam_Incertae_sedis_g__GS35_ord_Incertae_sedis_gen_Incertae_sedis,FALSE
CTACCATTCAAGCTTTGCTTGGTTTTGAATATATTGTAGTACTTTAAATAGTTATACATATTCTAAATATAGACGGCAGCAAGTATAAGTTCTAAGCGTAGCAGTAAAAACATTTCGCTTTTGCATTTATATTTTGTTAAACCGAAATAAAGTATATTTACA,k__Fungi_p__Ascomycota_c__Dothideomycetes_o__Mytilinidiales_f__Mytilinidiaceae_g__Mytilinidion,FALSE
AAATAACATTCGTGAATCTCTTTGCGGATTTGAGCTTTCCAGTATTTTTAATATATAAAATGTTGGTAACTTTAAAATTATTATTACTTGGTACAAGTTGAAGACGTTCTATATGTGTGGTTCGCTGACAACTTGTCCATCTTCATATATTATGCGCGCACTTAGTTTTTTAATGCTTTGTGCGAGTATATATTTTTT,k__Fungi_p__Glomeromycota_c__Glomeromycetes_o__Diversisporales_f__Diversisporaceae_g__Diversispora,FALSE
GAAACTATCACTCTTGTCCTGTCGCAAGACATGTCAGGATGTGGACTTGGACTGTGCCGTAGTTGGCTCGTCTTGAAATGCATTAGCCGTGCTGGTTAGATTCGGCCACCTGGTGTGATATACGTCTACGCCTACTGTGCTGTCTCTTCCTGAGCGTGGCTCATAATCGTCGCTTGTTCGACAACACAAATTAACG,k__Fungi_p__Basidiomycota_c__Agaricomycetes_o__Auriculariales_f__Auriculariales_fam_Incertae_sedis_g__Auriculariales_gen_Incertae_sedis,FALSE
TACTACTAAGGCTCAGCCTTGCGGTGGTCGTCTGCCTCTTTTCTTATCTTTTTCTCGGTTTCTTGCCGAGAAAAGAAGAGTGAGAGAGGTGAGACCGAAACCTATGGGCGCGTCCTCGCAGGTCGTCCAGCGTAGCAAAGTTTTTTTCAAACTACCACTCGCTGAACGGTCCTGGTGATAGGAAGCGCCAGTCAACTACACGAAC,k__Fungi_p__Ascomycota,FALSE
AATTCTCAACCTCACCAGTTTTGTTATGAGACTGTGTAAGGCTTGGATGTGGGGGTTTGTGCAGGCTGCGTCAGCGCGGTCTGCTCCCCTGAAATGCATTAGCGAGTTCACTGAGCTCCGTCTATTGGTGTGATAATTATCTACGCCGTGGATTGGACTTAGAATTGCTTCTAACCGTCCGCAAGGACAATTTTATGACA,k__Fungi_p__Basidiomycota_c__Agaricomycetes_o__Agaricales_f__Psathyrellaceae_g__Psathyrella_s__calcarea,FALSE
CAACCCTCAAGTCCCCTGTGGACTCGGTGTTGGGGACCGGCGAGACAGCCGCGGATCTTCTTCCGCAGCGAGTCGCCGCCCCCCAAATGACTTGGCGGCCTCGTCGCGGCCCTCCTCTGCGTAGTATAGCACACCTCGCAACAGGAGCCCGGCGAATGGCCACTGCCGTAAAACCCCCCAACTTTTTCAG,k__Fungi_p__Ascomycota_c__Sordariomycetes_o__Hypocreales_f__Clavicipitaceae_g__Keithomyces_s__carneus,FALSE
AATTCTCAACCCCACCGATTTGTTTCGGTTGTGGGCTTGGACTTGGAGTGTGCTGGCGAAAGTCGGCTCCTCTCTAAATGCATCAGCGGATTGAATATACCCTTTGCTGTCATCAGTGTGATAATCATGTCTCGCTGTTACCAGGCTCGGTGGTGTTCCGCTTCTAATGGTCTTCGGACAATACACTTTTTAA,k__Fungi_p__Basidiomycota_c__Agaricomycetes_o__Atheliales_f__Atheliaceae_g__Fibulomyces_s__fusoideus,FALSE
AATTCTCAATCTAAATAATTTTTTTTATTGGATTGGATTTGAGGGTTTGTTGGCTTGCAAAAGTCTGACTCCCTTTAAATATATCAGTGGCTTAATTTGATCCCCATTATTTGGTGTGATAAATCTTATCTACATTATACAATGGCAAATATTAGCTGCTTTCTAACTGTCCTTTGGACAATTTGAACC,k__Fungi_p__Basidiomycota_c__Agaricomycetes_o__Agaricales_f__Cyphellaceae_g__Henningsomyces,FALSE
CAACCCTCAAGCTCTGCTTGGTATTGGGCACCACCCGTTAGGGTGTGCCTTAAAGACAGTGGCGGCGCCATCTGGCTCTAAGCGTAGTAATTTTCTCGCTATAGGGTCCTGTGGATGCTTGCCAGCAACCCCAATTTTATCTAT,k__Fungi_p__Ascomycota_c__Leotiomycetes_o__Helotiales_f__Dermateaceae_g__Cryptosporiopsis,FALSE
TAACCCCTCAAGCCTAGCTTGGTGTTGGGGCCTGCTGTTGTCGGCAGTCCTTAAAATCAGTGGCGGTGCCATCTGGCTCTAAGCGTAGTAATACTTCTCGCTACAGGGTCCCGGTGGATGCTTGCTATCAACCCCTAAATTTCTAT,k__Fungi_p__Ascomycota_c__Leotiomycetes_o__Helotiales_f__Helotiales_fam_Incertae_sedis_g__Leohumicola,FALSE
CAACCCTCAAGCCCAGCTTGGTATTGGGTGTCACCTGCACGGTGCGCCCCAAAATCAGTGGCAGCGCCATCTGGCTTCAAGCGTAGTAATACTTCTCGCTCTGGAGGTCCAGGTGGACGCTGGCCAAAACCCCCATACTTTTCTCAA,k__Fungi_p__Ascomycota_c__Leotiomycetes_o__Helotiales_f__Helotiaceae_g__Calyptrozyma,FALSE
CTTTCATCAATCCTCCTTTACTTTTGTAATGGTTGGCTTGGATTTGGGGATTGCTGGGCCTTGTGTCTGGCTTCCCTTGAATGCATTAGTTGAATTGACTTGCAACGCTATGTGTGGTGTGATAATATCTTCACTGCATAGTTGTAATGAAGTTTGGCTTATAACTGTCTTTCATTAGACAATCTTTGACC,k__Fungi_p__Basidiomycota_c__Agaricomycetes_o__Hymenochaetales_f__Schizoporaceae_g__Xylodon_s__sambuci,FALSE
TCACCCCTCAAGCCTAGCTTGGTGTTGAGGCCTGCTGTAAAGGCAGCCTCTAAAATCAGTGGCAGTGCTGTCAGGCTCTAAGCGTAGTAAATTCATCGCTATAGACACCTGGTGGATACTCGCCAGAACCCCCCCATTTTTTAAT,k__Fungi_p__Ascomycota_c__Leotiomycetes_o__Helotiales_f__Helotiaceae_g__Tetracladium,FALSE
ACGACACCTCAAGCGAATTTGCTTGGTCTTGGAACGCGAGCGCCGCTGGCCTTCGGTTCCGAAATTCAATGGCGGAAAGTCTCACGTGCCCCGGCGTAGTAAGTTTATCTTTCGCTTGGTCGCTGAGGCCTTCCCGCCCTCAAATCCCCAATATTTTG,k__Fungi_p__Ascomycota_c__Pezizomycetes_o__Pezizales_f__Pyronemataceae_g__Anthracobia,FALSE
TCAACCATCAAGCCTGGCTTGTCGTTGGACCTCTTTGCCACTGAAATATATGGCAGGTCCGAAAGATAATGACGGCGTCGTGTTTGACCCTAAATGCAACGAGCTTTTTATAGCACGCATTGAAGTGGTCGGCCGACCCAGTCTTTAATCATCATTTTTCTAA,k__Fungi_p__Ascomycota_c__Eurotiomycetes_o__Chaetothyriales_f__Herpotrichiellaceae_g__Capronia,FALSE
TAACCCCTCAAGCTCAGCTTGGTGTTGGGGCCTGCCTACTGGCAGCCCTTAAAATCAGTGGCGGCGCCATCTGGCTCTAAGCGTAGTAATTTCTCTCGCTATAGGGTTCCGGTGGACGTTTGCCAACAACCCCCAACTTTCTAT,k__Fungi_p__Ascomycota_c__Leotiomycetes_o__Helotiales_f__Helotiaceae_g__Helicodendron,FALSE
CAACCCTCAAGCTCTGCTTGGTGTTGGGCCCTGCCCGCTGCGGCCGGCCCTAAAGACAGTGGCGGTGCCGCCTGGCCCTGAGCGTAGTACATCTCTCGCTCCAGTGCCCGGTGGTAGCCTGCCAGAACCCCAACTCTCGT,k__Fungi_p__Ascomycota_c__Leotiomycetes_o__Helotiales_f__Myxotrichaceae_g__Oidiodendron,FALSE
CAACCCTCAAGCCTCGCTTGGTGTTGGGCCCTGCCCTTGCGGCCGGCCCTAAAGACAGTGGCGGTGCCGTCCGGCTCTAAGCGTAGTAACTCTCTTGCTCTAGTGCCTGGCGGCGTCCAGCCAGAACCCTAACCTCTGT,k__Fungi_p__Ascomycota_c__Leotiomycetes_o__Helotiales,FALSE
CATTCTTAAATCTATGGATTTAGTGTTGAGTCGATTTGTCCCGAAAATGACAATTGCTTGAAATGAATTTTGGCAGAGGCGACTATATTTTAGCTTTTACAACGTATTAGGTTTTACCATCTCGTTGGAAATATTACGGCGAATAGAAGTGGCTTTGGCGTTATAAACATTTTTTAATAAAAA,k__Fungi_p__Ascomycota_c__Saccharomycetes_o__Saccharomycetales_f__Saccharomycetales_fam_Incertae_sedis_g__Saccharomycetales_gen_Incertae_sedis,FALSE
CAACCCTCAAGCCTAGCTTGGTGTTGGGCTCCGCCGCCTGGCGGGCCCTAAAGTCAGTGGCGGTGCTGTCCAGCTCCGAGCGTAGTAACTCTTCTCGCTCTGGAGGCCTGGGCATGTGCCTGCCAGCAACCCCCCAATTTTATCA,k__Fungi_p__Ascomycota_c__Eurotiomycetes_o__Onygenales_f__Gymnoascaceae_g__Arachniotus_s__hebridensis,FALSE
CTCTCTCAAACCCTTGGGTTTGGTATTGAGTGATACTCTTAGTCGGACTAGGCGTTTGCTTGAAATGTATCGGCATGAGTAGTACTGAATAGTGCTTCAAGACTTTTTCAATGTATTAGGTTTATCCAACTCGTTGAATGGTTTAGTAGTAAATTTTTAGTATTATTGGCTCGGCCTTACAATACAACAAACAA,k__Fungi_p__Ascomycota_c__Saccharomycetes_o__Saccharomycetales_f__Debaryomycetaceae_g__Schwanniomyces,FALSE
